year,month,Cy,Gr1,Gr2,Di1,Di2,Go1,Go2,Cr1,Cr2,Mi,He,Om,Pr,temperature,phosphorus
1977,1,4216.666667,379.6296296,1362.962963,40638.12963,49001.85185,0,0,109814.8148,20131.48148,3422.222222,249524,6495,0,4.742105263,0.091789474
1977,2,3816.666667,2645207.407,1746.296296,50838.88889,197395.9259,12111.11111,0,258185.1852,7905.555556,9809.259259,48468,1935.33,0,4.347368421,0.107684211
1977,3,2896.296296,282777.7778,10444.44444,1567923.315,212888.8519,79388.88889,2851.851852,227425.9259,1279.62963,16038.14815,47828,5806,0,4.936842105,0.086947368
1977,4,NA,NA,NA,NA,NA,NA,NA,NA,NA,NA,NA,NA,NA,5.844736842,0.079131579
1977,5,4396.296296,7066.666667,1796.296296,1157601.852,83164.74074,19814.81481,20529.62963,191777.7778,13361.11111,10694.44444,578762,32329,0,6.752631579,0.071315789
1977,6,4161.111111,1604257.407,1433.333333,20518.51852,549155.5556,0,45785.18519,238925.9259,13574.07407,3181.481481,1590544.33,6446,0,8.852631579,0.065368421
1977,7,4362.962963,119689.5556,14518.33333,151722.2222,215850,2592.592593,7864.814815,131000,31961.11111,5790.740741,1499665.9,12892,0,9.905263158,0.062631579
1977,8,20653.7037,45501.85185,19592.59259,202337.037,12622.22222,9481.481481,7796.296296,132074.0741,36442.59259,4485.185185,287806,16042.93,18013.04,10.80526316,0.059684211
1977,9,41668.51852,26277.77778,15609,105146.8259,53196.2963,46388.88889,825.9259259,280925.9259,20137.03704,6401.851852,982742,32181.93,0,10.88947368,0.067157895
1977,10,20947.90741,9053.703704,11911.11111,15470.37037,99868.51852,3111.111111,11194.44444,116222.2222,10685.18519,6472.222222,1180151.3,6446,12941,9.389473684,0.072842105
1977,11,16633.33333,3048.148148,3666.666667,136703.7037,56540.74074,2555.555556,16157.40741,56074.07407,15203.7037,3509.259259,221131,3887,1313,8.668421053,0.068736842
1977,12,21168.51852,4709.259259,2951.851852,44148.14815,72642.59259,8518.518519,1685.185185,54037.03704,8020.37037,5714.814815,124491,9694,0,6.468421053,0.084789474
1978,1,22550,3461.111111,2701.851852,57355.55556,78138.88889,17555.55556,4266.666667,99611.11111,7479.62963,5212.962963,104759,1279,34,5.563157895,0.084842105
1978,2,40642.59259,3368.518519,4724.074074,101500,65566.81481,9259.259259,7398.148148,118166.6667,5535.185185,2660.074074,40399,0,0,4.968421053,0.083526316
1978,3,35561.11111,2740.740741,4792.592593,197103.7037,88570.37037,56444.44444,8925.925926,332666.6667,10331.48148,9690.740741,122819,12942,0,4.463157895,0.063421053
1978,4,37259.25926,581.4814815,18173.64815,1161129.63,204774.0741,31925.92593,38185.18519,267592.5926,11324.07407,16306.66667,105056,24259,0,5.221052632,0.07
1978,5,31312.96296,20277.77778,3866.666667,278275.3537,128482.9259,131851.8519,2388.888889,352168.8889,36324.07407,6827.777778,811456,12892,0,6.910526316,0.047894737
1978,6,8209.259259,41427.77778,1946.296296,20851.85185,104850,0,3102.148148,352168.8889,35877.77778,2740.740741,1146754.33,6446,0,8.557894737,0.058315789
1978,7,1916.666667,45101.85185,2781.481481,535.1851852,61314.81481,15925.92593,61664.74074,74629.62963,37916.66667,768.5185185,894012,0,21436.04,8.952631579,0.065947368
1978,8,1707.407407,91279.81481,4474.074074,4251.851852,156798.1481,11185.18519,177296.2963,8226.187037,10120.37037,3444.648148,693500,0,27497.83,10.37368421,0.063736842
1978,9,71919.03704,97605.74074,54505.88148,33379.62963,273494.4444,163814.8148,60349.92593,109722.2222,18259.25926,1557.611111,698282,6446,6446,9.694736842,0.066210526
1978,10,20474.07407,33931.48148,19816.66667,21214.81481,270957.4074,51518.51852,1659.259259,46888.88889,9759.259259,3690.740741,569215,0,8319.04,8.6,0.071105263
1978,11,36137.03704,1722.222222,3983.333333,1974.074074,33085.18519,740.7407407,988.8888889,31888.88889,3787.037037,1655.555556,200515,1624,0,7.436842105,0.073736842
1978,12,41659.25926,3477.777778,4343.740741,1085.185185,17681.48148,18000,1822.222222,22722.22222,1287.037037,1981.481481,65936,2558,0,5.894736842,0.061736842
1979,1,72694.44444,3766.666667,2970.37037,10001.85185,13103.7037,14175.92593,1916.666667,65666.66667,1840.740741,5468.518519,105055,21011,0,4.747368421,0.070210526
1979,2,82150.63519,2277.777778,2066.666667,89714.81481,11074.07407,13935.18519,7085.185185,79000,5788.888889,6725.925926,25833,15301,0,4.347368421,0.077631579
1979,3,76136.48704,1907.407407,1520.37037,75757.40741,12974.07407,26861.11111,10701.85185,319444.4444,13148.14815,16083.33333,71103,8856,0,4.131578947,0.078526316
1979,4,52186.92593,29240.74074,2905.555556,1964709.259,335716.9259,148148.1481,32807.40741,113777.7778,4425.925926,16634.44444,280523,42661,0,4.715789474,0.066210526
1979,5,37842.03704,1981.481481,2551.851852,964112.963,68645.37037,228064.8148,22229.62963,268111.1111,10535.18519,12407.40741,1118599,25833,0,6.421052632,0.057052632
1979,6,9090.740741,13935.18519,4016.981481,119064.8148,281462.963,76370.37037,23722.22222,148111.1111,20081.48148,6955.555556,821198,12892,0,8.547368421,0.059947368
1979,7,11800,84661.11111,11684.62963,41596.2963,383349.463,72111.11111,13342.46296,139222.2222,8720.37037,2968.518519,1979178.84,103332,0,8.778947368,0.062631579
1979,8,16822.22222,109251.5741,76218.51852,34296.2963,73908.14815,92703.7037,18046.2963,71925.92593,9733.333333,6588.888889,1293331,122758.08,38774,10.40526316,0.056578947
1979,9,38892.2963,51916.66667,75282.44444,9851.851852,13832.53704,119814.8148,566.6666667,94962.96296,16538.88889,7161.111111,1089421,22636,9694,10.15263158,0.060368421
1979,10,31401.61111,21064.81481,26618.51852,13788.88889,62355.55556,67481.48148,3222.222222,156740.7407,20955.55556,6053.703704,247014,7774,0,9.126315789,0.072210526
1979,11,24877.53704,5303.703704,10920.37037,1825.925926,83229.62963,30000,1666.666667,15407.40741,2194.444444,3368.518519,268911,21995,0,7.047368421,0.087052632
1979,12,31883.09259,1648.148148,8342.592593,8548.148148,43161.11111,42629.62963,1185.185185,55666.66667,4101.851852,2496.296296,451613,22635,2558,6.278947368,0.085210526
1980,1,29992.35185,2657.407407,10031.55556,29083.33333,98142.59259,27759.25926,3092.592593,134018.5185,8455.555556,7392.592593,601297,77447.47,0,5.063157895,0.082473684
1980,2,4457.407407,3490.740741,2868.518519,75596.2963,43381.55556,12222.22222,629.6296296,279444.4444,6370.37037,3312.962963,203665,7057.45,0,4.426315789,0.089105263
1980,3,7172.222222,6325.925926,4205.555556,253927.7778,67852.59259,43851.85185,16185.18519,122296.2963,2775.925926,9703.703704,143927,8120,0,4.236842105,0.069789474
1980,4,3327.777778,2770.37037,2659.259259,3439740.37,122324.037,65333.33333,42344.44444,181777.7778,8609.259259,14361.11111,206962,54964,0,4.778947368,0.062947368
1980,5,5174.074074,4275.925926,2279.62963,1388937.037,206379.6296,1851.851852,8594.444444,155296.2963,13833.33333,8001.851852,2228704.87,156943,0,6.252631579,0.049947368
1980,6,9994.444444,16061,2122.222222,509285.1852,83581.48148,1148.148148,2081.481481,93407.40741,22898.14815,4477.777778,982692,64653.5,0,7.689473684,0.055842105
1980,7,1779.62963,54922.22222,15877.77778,481424.0741,390888.3519,14666.66667,21222.22222,113777.7778,20214.81481,3653.703704,1448883.84,45171,12892,8.657894737,0.051052632
1980,8,NA,NA,NA,NA,NA,NA,NA,NA,NA,NA,NA,NA,NA,9.284210526,0.052289474
1980,9,26466.66667,45914.81481,14434.74074,180185.1852,120051.8519,49814.81481,19601.85185,97481.48148,12742.59259,4646.296296,271370,230547.68,6446,9.910526316,0.053526316
1980,10,8244.444444,25446.90741,11938.88889,42648.14815,87585.18519,169814.8148,16314.81481,72851.85185,9435.185185,7972.222222,1073330,64656,6446,8.936842105,0.060947368
1980,11,4596.296296,9803.703704,6657.407407,20655.55556,307175.8889,89481.48148,4424.074074,59518.51852,11714.81481,4350,441477,30705,0,7.057894737,0.067263158
1980,12,2944.444444,17944.66667,4848.518519,10722.22222,37490.74074,48925.92593,2585.185185,89222.22222,11177.77778,3764.814815,151949,25883,0,5.736842105,0.070052632
1981,1,1120.37037,4926.407407,3181.481481,24518.51852,19688.88889,24296.2963,359.2592593,80185.18519,4157.407407,3362.962963,174386,25833,0,4.810526316,0.079157895
1981,2,1188.888889,10887.03704,3781.481481,214583.3333,108075.9259,29351.85185,2324.074074,260666.6667,6879.62963,2564.814815,161594,0,0,4,0.073
1981,3,1248.148148,4129.62963,6485.185185,1960872.222,201453.7037,28148.14815,4979.62963,137518.5185,4796.296296,4961.111111,95706,18108,0,3.742105263,0.066
1981,4,990.7407407,1266.666667,5561.481481,754562.963,379340.7407,358518.5185,21016.66667,352168.8889,16870.37037,18567.77778,368355,124179.24,0,6.105263158,0.051526316
1981,5,787.037037,1344.444444,979.6296296,74324.25926,38877.77778,18185.18519,4588.888889,75444.44444,10074.07407,3912.962963,1837187,64656,0,7.321052632,0.049789474
1981,6,429.6296296,11979.62963,2279.62963,37833.33333,89581.48148,0,9333.333333,220666.6667,25611.11111,2177.777778,523702,55143.08,0,9.231578947,0.049052632
1981,7,4096.296296,91596.48148,12407.88889,57029.62963,90135.18519,122074.0741,15350,144148.1481,12529.62963,2640.740741,1003165,38794,6466,9.657894737,0.054263158
1981,8,488.8888889,48338.88889,12228.88889,32129.62963,272231.4815,165703.7037,8638.888889,35222.22222,6942.592593,3570.37037,243109,18104,5172,9.847368421,0.058526316
1981,9,547022.2222,6127.777778,22125.07407,7625.925926,110692.5926,28888.88889,222.2222222,95962.96296,16435.18519,2201.851852,163259,21013,4848,9.626315789,0.066947368
1981,10,860974.4444,10866.66667,38937.7037,13803.7037,27185.18519,90629.62963,4998.444444,38666.66667,5500,1996.5,166814,5172,3879,8.573684211,0.058368421
1981,11,122603.7037,1409.259259,2701.851852,27007.40741,144478.5185,6111.111111,1957.740741,17296.2963,4259.259259,2122.222222,70825.15,3880,0,7.210526316,0.059315789
1981,12,18424.07407,5340.740741,6516.666667,6629.62963,168335.9259,4222.222222,488.8888889,88037.03704,4266.666667,2420.37037,250869,0,0,4.726315789,0.067578947
1982,1,5333.333333,833.3333333,3170.37037,13428.61852,127500.5963,8592.592593,0,52333.33333,5750,4100,298114,8857,0,4.631578947,0.064368421
1982,2,6598.148148,748.1481481,2324.074074,18907.40741,106635.0407,26037.03704,2453.703704,52518.51852,1775.925926,3457.407407,200687,23766,0,4.105263158,0.068631579
1982,3,8931.481481,1175.925926,1151.851852,145074.0741,108035.1852,41518.51852,9705.555556,165444.4444,514.8148148,2044.444444,114990,21300,0,3.763157895,0.053842105
1982,4,4181.481481,1211.111111,1598.148148,558805.5556,85229.62963,89518.51852,8988.888889,264037.037,2898.148148,5520.37037,291750,0,0,4.489473684,0.050157895
1982,5,5040.740741,779.6296296,3540.740741,371150,118401.8519,53518.51852,9898.148148,100407.4074,6766.666667,7259.259259,556800,0,0,5.926315789,0.042894737
1982,6,1848.148148,14706.03704,4962.962963,91407.40741,11192.59259,66703.7037,15607.40741,308740.7407,27046.2963,9972.222222,466800,2700,2700,9.494736842,0.041210526
1982,7,5194.444444,104579.6296,3544.444444,57268.51852,322425.9259,483601.8519,24007.40741,36407.40741,16835.18519,3588.888889,156450,0,36808.15,9.647368421,0.047
1982,8,NA,NA,NA,NA,NA,NA,NA,NA,NA,NA,NA,NA,NA,9.781578947,0.049605263
1982,9,469381.4815,21609.25926,13448.14815,53240.74074,37044.44444,243962.963,13018.51852,204037.037,13053.7037,10146.2963,318300,53100,10650,9.915789474,0.052210526
1982,10,773261.1111,3424.074074,4355.555556,13343.43333,178222.2222,81444.44444,9509.259259,80851.85185,20379.62963,4483.333333,775918,21150,0,9.321052632,0.068052632
1982,11,349955.5556,2851.851852,4694.444444,9148.148148,116705.5556,95370.37037,6372.222222,57851.85185,13788.88889,2281.481481,360750,31950,6610.32,7.773684211,0.072578947
1982,12,69685.18519,4437.037037,11712.96296,14007.40741,15120.37037,65148.14815,6722.222222,64777.77778,14766.66667,2901.851852,342150,10500,0,6.042105263,0.076842105
1983,1,4794.444444,2368.518519,7036.018519,12548.14815,19975.01481,56370.37037,5990.740741,121333.3333,6166.666667,4418.518519,70470,0,0,5.236842105,0.079947368
1983,2,4027.777778,3518.518519,6333.407407,39094.44444,48540.74074,29962.96296,1657.407407,187740.7407,4187.037037,5187.037037,28890,7500,0,4.589473684,0.075105263
1983,3,2003.703704,1387.185185,5987.037037,89122.22222,46442.59259,86444.44444,4150,279037.037,4185.185185,4318.518519,152790,62400,0,4.336842105,0.074
1983,4,1722.222222,288.8888889,2136.666667,123364.8148,125191.4815,59296.2963,5081.481481,119407.4074,5242.592593,5551.851852,57720,25800,0,4.647368421,0.063421053
1983,5,2327.777778,64.81481481,1150,297887.037,196548.1481,55444.44444,12759.25926,272851.8519,8148.148148,13612.96296,2074730.23,420543.15,0,6.3,0.048421053
1983,6,485.1851852,9812.962963,1155.555556,65461.2963,343762.963,6481.481481,15822.22222,56592.59259,19055.55556,5412.962963,1174050,28200,0,8.289473684,0.052947368
1983,7,23.17777778,89678.25926,21675.07407,3777.777778,179574.0741,27111.11111,2887.333333,96481.48148,37685.18519,2235.185185,1398396.3,123900,21300,10.09473684,0.050526316
1983,8,165164.8148,75500.48148,77150,27036.03704,52751.85185,143296.2963,3000,87481.48148,18270.37037,2861.111111,1216800,91950,7050,10.65263158,0.060526316
1983,9,192807.4074,21122.22222,80877.96296,33370.37037,11164.81481,246175.9259,898.4444444,124703.7037,9775.925926,4192.592593,1135350,55650,2700,9.836842105,0.058789474
1983,10,228739.2593,11342.59259,63664.81481,10342.59259,340037.037,65703.7037,18403.96296,67037.03704,8918.518519,6222.222222,1384596.3,217500,0,9.721052632,0.072526316
1983,11,176819.0926,6857.407407,22177.77778,23962.96296,79848.14815,180518.5185,1974.074074,132148.1481,15220.37037,7642.592593,196440,17700,0,7.789473684,0.070684211
1983,12,7994.444444,4351.851852,11224.07407,65528.87037,21059.25926,65666.66667,17844.7963,138777.7778,4981.481481,8209.259259,311520,26550,0,5.4,0.084368421
1984,1,3072.222222,1970.37037,7755.555556,67298.14815,20635.18519,37074.07407,6472.87037,195481.4815,3685.185185,3683.333333,18390,7656,0,4.805263158,0.072842105
1984,2,411.1111111,6122.222222,9973.296296,438642.5926,76687.03704,88666.66667,10757.40741,325925.9259,9668.518519,8092.592593,889200,162600,0,4.684210526,0.085684211
1984,3,1559.259259,2814.814815,6859.259259,287270.3704,108222.2222,35370.37037,4692.592593,164407.4074,4900,3179.62963,76950,14550,0,3.952631579,0.077473684
1984,4,1351.851852,2340.740741,5157.407407,2828670.37,71590.74074,117259.2593,40090.74074,184592.5926,6025.925926,11275.92593,33120,10650,0,4.336842105,0.069684211
1984,5,703.8888889,5340.796296,2016.666667,946462.963,280525.9259,50814.81481,59865.62963,164518.5185,4575.925926,9914.814815,1352700,519900,0,6.521052632,0.047421053
1984,6,2853.703704,40988.72222,1288.888889,237398.1481,62944.44444,4481.481481,1565.037037,149925.9259,16203.7037,5503.703704,2153623.8,638352,0,7.710526316,0.052947368
1984,7,NA,NA,NA,NA,NA,NA,NA,NA,NA,NA,NA,NA,NA,9.073684211,0.054842105
1984,8,62570.88889,72231.48148,73214.11111,119195.2852,215629.6296,159740.7407,4567.777778,106222.2222,4851.851852,4562.962963,970800,583650,0,10.43684211,0.056736842
1984,9,26528.72222,64769.90741,68273.53704,39611.11111,27712.96296,176888.8889,4240.740741,69407.40741,29455.55556,8872.222222,1215490,698742.4,0,9.942105263,0.056
1984,10,3872.796296,17294.44444,35685.18519,143544.4444,335405.5556,356027.7778,24444.90741,327074.0741,11316.66667,4062.962963,311940,319130,1800,8.921052632,0.062842105
1984,11,7357.981481,5722.222222,10745.59259,26296.2963,17429.62963,145481.4815,31637.03704,61407.40741,10500,4372.222222,480878.65,42400,1800,7.573684211,0.073789474
1984,12,10979.62963,6279.62963,10955.92593,53109.25926,111159.2593,49111.11111,58924,134888.8889,39443.7037,6246.296296,169940,85600,1320,6.394736842,0.076684211
1985,1,5775.925926,13964.81481,2927.777778,103620.3704,25622.22222,52333.33333,14924.07407,167407.4074,6979.62963,5881.481481,39322,29781.8,0,4.605263158,0.084842105
1985,2,2268.518519,2407.407407,2496.296296,104740.7407,23355.55556,78555.55556,8250,176703.7037,5677.777778,6211.111111,348620,140940,0,3.668421053,0.071210526
1985,3,1811.111111,4805.555556,1918.518519,439064.8148,62266.66667,62444.44444,16978.12963,85333.33333,3027.777778,6755.555556,131100,72440,0,3.763157895,0.061263158
1985,4,644.4444444,2007.407407,6153.703704,2735421.752,465902.2407,151518.5185,13875.92593,179296.2963,5146.296296,10818.51852,259660,152600,0,4.331578947,0.059473684
1985,5,2170.37037,925.9259259,4766.666667,1427051.381,916130.3333,245111.1111,38329.25926,182925.9259,10916.66667,7733.333333,381100,462500,0,5.757894737,0.044105263
1985,6,1503.703704,21027.77778,2137.037037,446000,116474.0741,19296.2963,9342.592593,338666.6667,24898.14815,3000,1067030,299513.15,0,8.7,0.040052632
1985,7,1111.111111,70708.01852,14174.07407,149529.6296,233303.7037,23740.74074,27733.33333,315037.037,21238.88889,4490.740741,739620,174380,0,9.142105263,0.044368421
1985,8,65565.33333,79566.66667,30551.85185,54555.55556,71124.07407,75851.85185,10585.18519,118333.3333,4879.62963,6359.259259,574800,46000,5300,9.057894737,0.046052632
1985,9,11309.25926,26509.25926,30561.38889,42788.88889,55668.51852,168740.7407,6424.074074,53037.03704,13905.55556,5651.851852,202489.36,144430,1610,9.336842105,0.059
1985,10,42444.44444,12777.77778,13814.81481,50716.66667,78388.88889,45333.33333,24481.48148,86037.03704,10500,6229.62963,515310,568800,2300,9.778947368,0.052368421
1985,11,42201.85185,2481.481481,5518.518519,18388.88889,13822.22222,19814.81481,58211.03704,14666.66667,6527.777778,4524.074074,247540,159780,0,7.242105263,0.061947368
1985,12,31759.25926,4950,2948.148148,20796.2963,57757.40741,884.7037037,14712.96296,16222.22222,5379.62963,2111.111111,242560,212833,0,5.489473684,0.056473684
1986,1,20151.37037,2196.296296,1348.148148,34474.07407,86801.85185,3888.888889,35694.44444,72074.07407,7805.555556,10277.77778,127800,69380,0,4.9,0.073736842
1986,2,1074.074074,4279.62963,1312.962963,69203.7037,111005.5556,75703.7037,9787.037037,146518.5185,6398.148148,6070.37037,344760,187720.6,0,4.2,0.066052632
1986,3,944.4444444,1814.814815,1637.037037,242814.8148,55672.22222,41962.96296,4944.444444,81074.07407,981.4814815,4250,265660,124560,0,3.589473684,0.060421053
1986,4,2088.888889,1194.444444,1918.518519,361101.8519,328294.4444,127592.5926,59277.77778,194037.037,2805.555556,12351.85185,166360,66780,0,4.578947368,0.057684211
1986,5,1382.796296,1647.407407,3225.925926,1598711.204,138293.963,352148.1481,30496.2963,352168.8889,13787.03704,13462.96296,759960,803800,0,6.815789474,0.032
1986,6,1000,3942.592593,481.4814815,244835.1852,10598.14815,12740.74074,16853.7037,133925.9259,6655.555556,4333.333333,2482564.3,401200,0,7.194736842,0.045
1986,7,1492.592593,93240.74074,11792.59259,134333.3333,357907.4074,88777.77778,6990.740741,38185.18519,5711.111111,5462.962963,2373005.6,813137.33,5300,9.421052632,0.044894737
1986,8,2519.092593,29322.22222,21725.92593,53500,154398.1481,134518.5185,9742.592593,16962.96296,20927.77778,2883.333333,702060,190200,2680,9.968421053,0.048789474
1986,9,7462.962963,25687.03704,18707.40741,98835.18519,49803.7037,378546.2963,23581.48148,94851.85185,34046.2963,4948.148148,351610,250500,6250,9.236842105,0.057789474
1986,10,13998.14815,11201.85185,8670.37037,58279.62963,144770.3704,142657.4074,54205.44444,24777.77778,7370.37037,5651.851852,415940,284670,5020,8.978947368,0.056368421
1986,11,13444.44444,30750,4922.888889,48462.96296,49742.59259,47490.74074,23083.14815,73037.03704,14092.59259,3683.333333,358680,147860,1760,7.457894737,0.050578947
1986,12,28944.44444,1798.148148,3000,50601.85185,112979.5926,7666.666667,40859.25926,43222.22222,13907.40741,3072.222222,273660,87620,880,6.321052632,0.056157895
1987,1,11107.40741,3759.259259,4200.37037,58818.51852,164936.5093,17296.2963,29918.51852,128962.963,16433.33333,5888.888889,277960,138200,0,4.915789474,0.053105263
1987,2,9892.592593,1998.148148,2818.518519,128057.4074,80857.40741,24518.51852,27212.96296,214370.3704,10851.85185,3829.62963,694387.6,185760,0,3.726315789,0.071736842
1987,3,9351.851852,10.42962963,6568.518519,1499201.852,205564.0741,40666.66667,26481.48148,204777.7778,9444.444444,8211.111111,350840,57120,0,3.789473684,0.080842105
1987,4,11735.18519,1518.518519,6661.111111,491309.2593,64437.03704,139148.1481,10172.22222,352168.8889,33361.11111,5961.111111,868600,183700,0,4.236842105,0.055526316
1987,5,6462.962963,727.5555556,1890.740741,720351.8519,94834.7037,387259.2593,13011.11111,352168.8889,14259.25926,6831.481481,1271757.33,773800,0,5.957894737,0.044684211
1987,6,2481.481481,46073.90741,5522.222222,168201.8519,200609.2593,22481.48148,25474.07407,251592.5926,33728.55556,4107.407407,1555900,234932.4,0,7.515789474,0.051263158
1987,7,1842.592593,35198.14815,2000,101211.1111,24094.44444,112666.6667,43675.92593,106666.6667,6314.814815,5092.592593,1254180,92900,5300,9.252631579,0.067052632
1987,8,3566.666667,37301.85185,11138.64815,62048.14815,633534.963,278962.963,59236.79013,53777.77778,11211.11111,9987.037037,625800,201500,27497.83,9.405263158,0.046894737
1987,9,4870.37037,69653.7037,13413.2963,62701.85185,112625.9259,483298.1481,44898.14815,57333.33333,28129.62963,7209.259259,359200,289994.93,4400,9.6,0.032210526
1987,10,11405.55556,6742.592593,1766.666667,144316.6667,59751.85185,193511.1111,31507.87037,75074.07407,17268.51852,7483.333333,411800,256400,11327.92,8.684210526,0.043684211
1987,11,36675.92593,8466.666667,55044.07407,58970.37037,408140.6667,86600,44183.33333,84925.92593,16975.92593,6650,484080,114080,3560,8.010526316,0.033947368
1987,12,26683.33333,47796.2963,1377.777778,17501.85185,29379.62963,10740.74074,40438.88889,37074.07407,7379.62963,4270.37037,250630,44490,0,6.726315789,0.039105263
1988,1,16920.37037,3962.962963,2385.925926,94131.48148,36018.51852,32148.14815,15816.66667,239000,8794.444444,5331.481481,275080,80480,0,5.442105263,0.044263158
1988,2,13962.96296,961.1111111,1825.925926,88564.81481,56257.40741,21333.33333,22201.85185,121296.2963,4407.407407,1856.37037,126340,61480,0,4.915789474,0.047789474
1988,3,16305.55556,17074.07407,3183.333333,272372.2222,63975.92593,73481.48148,45794.44444,107629.6296,32090.74074,7881.481481,134060,71120,0,4.5,0.048105263
1988,4,21311.11111,3551.851852,3825.925926,365483.3333,60131.48148,142037.037,18262.96296,94481.48148,39007.40741,6833.333333,199840,181300,0,4.942105263,0.041631579
1988,5,14022.22222,2659.259259,1944.444444,393560.1852,551300,202111.1111,71882.8395,230814.8148,57140.74074,6105.555556,1580400,539260,0,7.363157895,0.030105263
1988,6,14205.51852,11546.2963,1318.518519,72330.37037,64575.92593,8481.481481,12609.25926,78703.7037,8104.518519,3324.074074,1577097.9,161000,3500,8.105263158,0.035
1988,7,6787.037037,76844.44444,19235.9037,104116.6667,203562.2593,26455.55556,40166.66667,139629.6296,5379.62963,5944.444444,551460,111480,28890.04,8.989473684,0.034
1988,8,15501.85185,48901.85185,16744.44444,90322.22222,98894.44444,418294.8148,164439.3827,140814.8148,21211.11111,12919.18519,712600,293800,1800,10.25789474,0.039842105
1988,9,28155.55556,40538.88889,8407.407407,36731.48148,58368.51852,259870.3704,36034.20989,151851.8519,37488.24074,7561.777778,824100,743030.6,8800,9.594736842,0.047789474
1988,10,48362.96296,15937.03704,2655.555556,15085.18519,71659.25926,243648.1481,32959.01234,132370.3704,11329.62963,9792.592593,767500,343000,7100,9.184210526,0.038842105
1988,11,17325.92593,152381.4815,2064.814815,34101.85185,29487.03704,93740.74074,31549.45679,39222.22222,3935.185185,1877.777778,127340,82160,0,7.347368421,0.046473684
1988,12,28183.33333,4157.407407,2851.851852,89933.33333,45874.07407,58259.25926,36640.74074,30814.81481,1925.925926,2238.888889,206860,110760,0,6.121052632,0.026947368
1989,1,34681.48148,43755.55556,1685.185185,37812.96296,15646.2963,41407.40741,35196.66667,32296.2963,1909.259259,2134.148148,229960,75380,0,5.263157895,0.042315789
1989,2,34394.44444,3068.518519,1159.259259,86846.2963,19398.14815,16555.55556,24691.97531,177148.1481,6329.62963,4685.185185,176320,68000,0,4.805263158,0.055157895
1989,3,30761.88889,2462.962963,2353.703704,166372.2222,49833.33333,34444.44444,25101.85185,163481.4815,11359.25926,7187.037037,103280,47760,0,4.936842105,0.053
1989,4,34535.18519,203.7037037,4185.185185,431835.1852,207677.7778,47851.85185,64955.48148,8226.187037,3512.962963,6940.740741,201600,79600,0,5.578947368,0.045263158
1989,5,46444.44444,1464.814815,10968,178324.0741,637590.7407,43629.62963,35529.53704,83037.03704,30724.07407,11014.81481,1567200,431500,0,7.363157895,0.043684211
1989,6,52203.7037,25340.74074,5387.037037,14548.14815,53498.14815,206888.8889,31462.96296,74703.7037,21270.37037,8418.518519,1562100,408700,10600,8.426315789,0.046
1989,7,14605.55556,92340.74074,8905.555556,23688.88889,313700,27944.44444,79620.49382,24740.74074,16909.25926,11794.02037,595200,224100,29500,9.468421053,0.048315789
1989,8,28005.55556,66268.51852,7290.740741,60839.35556,176188.8889,386322.2222,51146.2963,282037.037,30192.59259,8731.481481,791100,560200,12500,10.18421053,0.048947368
1989,9,29500,13462.96296,8500,41131.48148,44355.55556,142185.1852,68557.40741,156851.8519,9640.740741,5840.740741,627600,473576.88,4400,9.457894737,0.054684211
1989,10,46857.25926,4192.592593,6625.925926,47768.51852,10812.96296,90148.14815,45283.33333,59740.74074,8020.37037,2657.407407,585700,388120.5,6600,9.247368421,0.051631579
1989,11,45612.96296,3016.666667,4159.259259,38170.37037,339175.9259,60481.48148,31696.4321,47111.11111,6379.62963,3372.222222,258336,295230.5,0,8.063157895,0.059789474
1989,12,30697.90741,1768.518519,1603.703704,22106.3963,88472.22222,19851.85185,35818.51852,53703.7037,1232.296296,2264.814815,138900,108860,0,6.078947368,0.058684211
1990,1,36857.40741,3007.407407,3637.037037,12012.96296,103924.0741,24925.92593,16185.18519,109555.5556,8340.740741,5131.481481,212206,61893,0,5.178947368,0.059
1990,2,57240.74074,2085296.296,7025.925926,47740.74074,103911.1111,27666.66667,25022.22222,173925.9259,11046.2963,3866.666667,134397,21219,0,4.857894737,0.057105263
1990,3,18209.25926,7740.740741,2211.111111,127385.1852,155861.1111,97444.44444,13707.40741,220259.2593,16694.44444,3318.518519,139735,74290,0,4.973684211,0.041
1990,4,20437.99259,1000,3266.666667,823200,307329.6296,41740.74074,15040.74074,64037.03704,7633.333333,4887.037037,501785,338307,0,5.736842105,0.037842105
1990,5,10803.7037,8314.814815,1731.481481,169992.5926,30379.62963,168185.1852,32529.62963,84000,12640.74074,6990.740741,1108246.63,894403.56,0,7.831578947,0.034736842
1990,6,31687.03704,45905.55556,2662.962963,42000,14148.14815,111666.6667,33726.17285,123740.7407,19172.22222,8246.296296,1457049,480734.92,0,8.368421053,0.039684211
1990,7,13825.92593,47305.55556,6001.851852,6655.555556,367327.7778,289268.5185,46479.62963,64259.25926,12835.18519,7527.777778,396180,420880.28,1769,9.721052632,0.035315789
1990,8,54808.66667,45425.92593,15762.96296,60703.7037,103124.0741,193129.6296,51444.44444,111666.6667,29972.22222,8298.148148,893157.35,421176.34,14952.04,11.13684211,0.036368421
1990,9,38283.33333,23103.7037,11912.96296,28185.18519,91857.40741,171387.037,39303.7037,135666.6667,23638.88889,6861.111111,842650.6,438055,8844,10.17894737,0.042631579
1990,10,60352.22222,6698.148148,5220.37037,15907.40741,117185.1852,88222.22222,45182.32716,74740.74074,15529.62963,5933.333333,509743,371805,2210,9.573684211,0.042578947
1990,11,25507.40741,1779.62963,3007.407407,46576.85185,162777.7778,77962.96296,43305.55556,73629.62963,8933.333333,4131.481481,351910,312689.88,0,7.873684211,0.043842105
1990,12,22587.03704,1211.111111,2329.62963,5782.333333,67807.40741,68629.62963,26931.48148,54407.40741,5027.777778,6274.074074,158296,90488.38,442,6.463157895,0.048052632
1991,1,45979.62963,2962.962963,3355.555556,28783.33333,51509.25926,27370.37037,51787.03704,111296.2963,7412.962963,6018.518519,189037.97,87887,0,5.394736842,0.042105263
1991,2,36029.62963,1562.962963,2237.037037,57281.48148,62318.51852,29629.62963,49431.48148,169185.1852,6111.111111,7350,103452,31832,0,4.784210526,0.045052632
1991,3,27662.96296,185.1851852,2351.851852,178924.0741,76405.55556,116629.6296,18638.88889,164000,1137.037037,3472.222222,51596.92,18350.84,0,4.557894737,0.036526316
1991,4,26164.81481,2444.444444,2766.666667,3448003.333,244614.8148,81777.77778,36474.07407,76833.33333,6881.481481,10772.22222,32205.7,16882.85,0,5.684210526,0.019684211
1991,5,11962.96296,903.7037037,14348.14815,1037296.296,35246.2963,9444.444444,11838.88889,74092.59259,5522.222222,6285.185185,1495721.63,633973,0,6.621052632,0.026368421
1991,6,7409.185185,13694.44444,1524.074074,454492.5926,15425.92593,23166.66667,18033.33333,110444.4444,37489.66667,2987.037037,996727,594171.76,0,8.489473684,0.030473684
1991,7,2873.777778,55742.59259,2864.814815,89857.40741,600666.4444,354733.3333,44940.1236,42055.55556,6794.444444,3751.851852,280053.76,112802.8,920,9.036842105,0.029736842
1991,8,NA,NA,NA,NA,NA,NA,NA,NA,NA,NA,NA,NA,NA,9.697368421,0.035894737
1991,9,57318.81481,22462.96296,5146.296296,47583.33333,14344.44444,138816.6667,98545.37042,32611.11111,20257.40741,9237.037037,516800,425600,4400,10.35789474,0.042052632
1991,10,39444.2963,3527.777778,2664.814815,26068.51852,13585.18519,123918.5185,64552.39513,70129.62963,8481.481481,4638.888889,451000,275800,3540,9.347368421,0.039263158
1991,11,30793.7037,851.8518519,5970.37037,29662.96296,112172.2222,62396.2963,46483.27161,23148.14815,4750,5790.740741,473820,232540,0,7.405263158,0.030526316
1991,12,113584.7407,631.4814815,1705.555556,20646.2963,67846.2963,45677.77778,15179.91976,27981.48148,4071.185185,5185.185185,150160,79600,20,5.936842105,0.042263158
1992,1,38857.40741,925.9259259,1796.296296,19020.37037,34133.33333,17148.14815,42848.14815,75814.81481,7440.740741,6185.185185,147670,68520,0,4.784210526,0.045789474
1992,2,37055.55556,1111.111111,1211.111111,47500,31959.25926,35211.11111,14529.62963,43203.7037,3240.740741,4279.62963,130730,81280,0,4.294736842,0.039210526
1992,3,53148.14815,185.1851852,2651.851852,205946.2963,48787.03704,27870.37037,19533.95069,166759.2593,4787.037037,7990.740741,137030,97260,0,4.252631579,0.044
1992,4,42520.37037,111.1111111,3935.185185,681590.7407,51213.63333,39585.18519,14412.96296,59240.74074,2114.740741,7655.555556,114050,89290,0,4.647368421,0.033842105
1992,5,66027.40741,2240.740741,5429.62963,1060822.222,105674.8148,94911.11111,31458.64197,328833.3333,9870.37037,11064.52593,1993220.17,849771.29,0,6.505263158,0.022526316
1992,6,61629.62963,8183.333333,2879.62963,196168.5185,52916.66667,7703.703704,5687.037037,176740.7407,25575.92593,5457.407407,958480,247572.4,0,9.194736842,0.021842105
1992,7,11927.77778,53475.92593,8483.333333,118475.9259,36579.62963,2777.777778,197327.7778,79129.62963,5912.962963,3703.703704,694090,365241.92,18560,9.568421053,0.025631579
1992,8,16188.88889,41557.40741,7159.259259,202583.3333,57655.55556,33801.85185,239044.4445,66111.11111,10150,10451.85185,908530,331040,5310,11.14210526,0.030105263
1992,9,64611.11111,3201.851852,4472.222222,34296.2963,24027.77778,164529.6296,26127.77778,46703.7037,12329.62963,10461.11111,1091950,786842,8820.32,10.21578947,0.031736842
1992,10,28461.11111,2924.074074,3435.185185,12074.07407,28597.23704,57229.62963,26859.87661,56851.85185,12412.96296,2588.888889,797140,400540,1420,9.384210526,0.035
1992,11,14512.96296,983.3333333,4325.925926,31696.2963,57190.74074,25851.85185,35138.88889,17462.96296,4403.703704,4285.185185,129990,2650,5300,7.263157895,0.032105263
1992,12,51238.88889,2829.62963,3618.518519,7237.037037,38196.2963,67296.2963,16868.51852,55907.40741,8957.407407,6903.703704,152750,86630,880,6.147368421,0.035105263
1993,1,34257.40741,4450,2918.518519,38688.88889,48618.51852,45833.33333,35611.60494,59944.44444,12311.11111,2242.592593,160040,83120,0,5.247368421,0.042473684
1993,2,36994.44444,3250,3731.481481,37135.18519,77275.92593,46981.48148,16737.03704,105000,12678.59259,5833.333333,232570,204250,0,5.105263158,0.039631579
1993,3,28759.25926,2111.111111,2996.296296,247140.7407,215954.8148,26500,6962.962963,89074.07407,1371.111111,3827.777778,183315.4,55280,0,4.852631579,0.043263158
1993,4,27392.59259,2370.37037,7551.925926,3439390.37,260185.8148,30703.7037,60988.88889,40648.14815,4876.740741,7505.555556,360300,192310,0,5.394736842,0.029684211
1993,5,20350.95556,322.2222222,1792.592593,1208583.333,46040.74074,31074.07407,30933.33333,138018.5185,7027.777778,9472.222222,698130,515170.6,0,7.215789474,0.029736842
1993,6,10198.14815,6496.296296,2166.666667,315959.2593,532944.4444,131677.7778,22126.90124,93611.11111,21900,3959.259259,396420,177402.4,2880,9.363157895,0.032526316
1993,7,12401.85185,14433.33333,12507.5,388555.5556,109529.6481,162229.6296,27393.08644,177407.4074,14994.44444,7035.185185,621590,330260,1320,10.34210526,0.032368421
1993,8,33233.7037,56585.18519,5802.148148,79011.11111,47664.83333,77659.25926,82275.00016,209759.2593,24107.40741,5903.703704,271880,266590,4420,10.17894737,0.039210526
1993,9,15725.92593,8379.62963,2164.814815,14870.37037,26896.2963,20568.51852,144785.1235,87388.88889,12594.44444,5545.872222,1096747.6,692511.76,6150,9.868421053,0.034684211
1993,10,13500,8666.666667,5181.481481,20592.59259,33142.59259,57518.51852,21023.27162,62185.18519,13087.03704,3314.814815,901020,865003,0,8.747368421,0.037052632
1993,11,21096.09259,4075.925926,2312.962963,27359.25926,61009.25926,13370.37037,45294.44444,57944.44444,8107.407407,4200,278980,181710,880,7.505263158,0.040473684
1993,12,15205.55556,2011.111111,1100,17985.18519,15238.88889,29018.51852,29307.40741,38870.37037,5548.148148,3777.777778,157350,105220,880,5.089473684,0.039263158
1994,1,36561.11111,3585.185185,2574.074074,66374.07407,30783.33333,38574.07407,16029.62963,70518.51852,8435.185185,6307.407407,81320,9650,0,5.310526316,0.033684211
1994,2,41738.88889,13407.40741,3590.037037,327335.1852,108894.4444,43703.7037,17011.11111,99500,3559.259259,5127.777778,194140,131520,0,5,0.027157895
1994,3,31455.55556,3035.185185,3020.37037,213274.0741,135418.5185,42111.11111,16577.77778,80777.77778,2835.185185,4144.444444,102120,111410,0,4.984210526,0.027736842
1994,4,21353.7037,33407.40741,5255.555556,1244248.148,192200,99648.14815,19188.2717,71462.96296,4018.444444,8653.703704,249274,153730,0,5.421052632,0.021526316
1994,5,10294.44444,32661.11111,3355.555556,389887.037,114069.6481,44744.44444,12427.77778,321703.7037,11681.48148,5414.814815,808051.6,559470,0,6.931578947,0.017578947
1994,6,6266.666667,12848.14815,3355.555556,69227.77778,525263.1111,83148.14815,6865.987694,43166.66667,9938.888889,4479.62963,828954.03,281120,5000,8.636842105,0.019210526
1994,7,13250,24500,11050.09259,36011.11111,46829.62963,246140.7407,241884.8148,87759.25926,7985.185185,3100,546940,379760,30430,10.63157895,0.018263158
1994,8,28607.40741,39990.74074,6107.111111,59722.22222,25020.37037,32031.48148,15179.01235,36592.59259,33383.33333,8461.111111,919720,564590,1610,11.06315789,0.023526316
1994,9,23812.96296,22890.74074,8677.777778,32314.81481,15254.75926,48087.03704,3912.962989,67907.40741,10377.77778,4572.222222,1238504.7,696379,80,10.46315789,0.024210526
1994,10,23605.55556,7246.296296,5529.62963,137883.3333,21677.77778,125722.2222,2379.012352,84574.07407,5835.185185,3512.962963,1113105.63,666500,3050,9.589473684,0.024894737
1994,11,26342.59259,3618.518519,2757.407407,91481.48148,48207.40741,15055.55556,26088.88889,93814.81481,6596.296296,4601.851852,253845,165155,220,7.973684211,0.024894737
1994,12,22742.59259,2512.962963,2087.037037,47955.55556,27700,24259.25926,28003.7037,30666.66667,5244.444444,6055.555556,358470,113209.45,20,7.089473684,0.026157895
1995,1,22440.74074,1000,1759.259259,29348.14815,32877.77778,3409.259259,7418.518519,40074.07407,7387.037037,3094.444444,287315,86011.38,0,5.178947368,0.031631579
1995,2,34535.18519,555.5555556,3009.259259,62907.40741,51733.33333,9944.444444,5605.555556,95055.55556,2242.592593,6709.259259,159580,83813.37,0,5.252631579,0.028
1995,3,34220.37037,1768.518519,4396.296296,163196.2963,91694.44444,69814.81481,2695.679037,239444.4444,1896.296296,5242.592593,121210.82,62986.51,20,5.031578947,0.027578947
1995,4,23487.03704,6359.259259,6201.851852,834209.2593,222853.7037,80777.77778,9583.333352,70388.88889,1731.481481,3481.481481,167820,63673.16,0,5.647368421,0.022842105
1995,5,17685.18519,4947.466667,3233.333333,312222.2222,564181.6852,50722.22222,15042.59259,72981.48148,13190.74074,9148.148148,1027850,217235,0,8.063157895,0.016473684
1995,6,11250,28324.07407,2496.296296,90166.66667,30020.37037,6574.074074,4438.641983,54000,23940.74074,2472.222222,687650,214327.64,880,8.926315789,0.017105263
1995,7,5038.888889,16683.33333,2403.703704,34183.33333,623655.5556,86488.88889,23981.60494,10092.59259,3667.481481,2333.333333,826100,449932.2,19670,9.426315789,0.017263158
1995,8,9990.740741,24442.59259,12812.51852,30759.25926,181053.7037,65059.25926,18243.02471,46611.11111,4529.62963,5835.185185,597715,172630,5970,10.96315789,0.015842105
1995,9,18270.37037,6735.185185,4840.740741,71240.74074,28874.07407,214527.7778,13413.08642,146611.1111,8512.962963,4581.481481,454110,226855,4375,9.8,0.029052632
1995,10,19492.59259,8087.037037,4074.074074,147233.3333,99140.74074,106685.1852,18304.69137,84814.81481,9401.851852,4696.296296,145272.2,154670,5440,9.331578947,0.026368421
1995,11,26566.66667,5983.333333,927.7777778,38003.7037,30637.03704,46416.66667,26581.11113,30814.81481,4524.074074,4372.222222,337680,386546.29,845,8.226315789,0.029947368
1995,12,29462.96296,988.8888889,1207.407407,25592.59259,17325.92593,14585.18519,7987.037037,32333.33333,5405.555556,2533.333333,175550,130655,135,6.452631579,0.026578947
1996,1,16777.77778,47.46666667,540.7407407,37268.51852,15118.51852,4185.185185,4209.259259,49925.92593,4683.333333,2777.777778,178360,125911.24,45,5.373684211,0.033842105
1996,2,56300,894.4444444,2475.925926,37711.11111,51001.85185,24481.48148,3001.851852,81574.07407,4751.851852,4444.444444,65015.4,67110,0,4.947368421,0.037
1996,3,74218.51852,138.8888889,2603.703704,92427.77778,100653.7037,38242.59259,11875.92593,160185.1852,26229.62963,4962.962963,119598.52,70052,0,4.494736842,0.018947368
1996,4,60687.03704,8775.925926,11529.11111,1372790.741,213180.5852,168312.963,16687.88265,97240.74074,24546.22222,15116.66667,139880,172620,0,4.394736842,0.017368421
1996,5,45625.92593,28861.11111,3744.444444,1126809.259,256058.8148,167175.9259,55128.42593,34259.25926,104729.6296,12594.44444,1003375,510400,165,7.263157895,0.012789474
1996,6,21605.55556,27846.2963,1909.259259,414122.2222,110081.4815,60407.40741,22991.5434,88500,19985.18519,7607.407407,1112895,348220,1125,8.321052632,0.023789474
1996,7,33453.7037,70950,5987.037037,171453.7037,765146.0741,236370.3704,61113.31483,74833.33333,14216.66667,7922.222222,335150,176976.38,19990,9.757894737,0.017526316
1996,8,19344.35185,40088.88889,7629.518519,156740.7407,134179.6296,107916.6667,46081.60494,145296.2963,24890.74074,14062.96296,393750,484870,5220,10.42631579,0.016105263
1996,9,22724.07407,6283.333333,3431.481481,56103.7037,33574.56667,105959.2593,55679.75309,47777.77778,23087.03704,7914.814815,595730.14,240225,6020,9.826315789,0.020894737
1996,10,41259.25926,17033.33333,2612.962963,24700,198774.0741,49992.59259,14364.81481,48111.11111,17553.7037,10835.18519,216340,162530,1504.04,8.505263158,0.020473684
1996,11,44313.62963,15064.81481,2238.888889,22509.25926,82411.65556,73595.44444,15880.8642,82740.74074,20722.22222,11475.92593,294566.94,206849.08,45,7.752631579,0.028894737
1996,12,66149.92593,7744.444444,3890.740741,12183.33333,22975.92593,42620.37037,29629.25933,28259.25926,11829.62963,7307.407407,273099,154600,155,6.215789474,0.026368421
1997,1,58344.44444,5235.185185,2979.62963,26703.7037,26877.77778,41507.40741,4853.703778,25037.03704,11790.74074,9344.444444,28799.8,12496.18,0,4.852631579,0.035789474
1997,2,80211.11111,2488.888889,2838.888889,49694.44444,67633.33333,54696.2963,17564.81481,57007.40741,10848.14815,6294.444444,134150,109155,0,4.436842105,0.030526316
1997,3,58425.92593,5088.888889,3812.962963,100361.1111,141322.2222,68596.2963,8105.555556,81955.55556,29222.22222,4953.703704,151495,101465,0,4.978947368,0.022631579
1997,4,83396.24074,147398.5185,7855.925926,949235.363,164923.7037,262449.6296,24646.04938,135785.1852,141867.4074,15966.66667,168430,247720,0,5.594736842,0.016473684
1997,5,29000,80415.55556,1427.777778,288868.1481,58765.41111,226576.2963,22739.74073,173207.4074,9573.333333,11300,1328015,870858,0,7.052631579,0.018526316
1997,6,11691.48148,22690.74074,627.7777778,37360.37037,212364.4444,14133.33333,8907.037037,106444.4444,26305.18519,6844.274074,862700,303130,2150,9.015789474,0.019947368
1997,7,14105.18519,54572.96296,7360.740741,30761.48148,260003,131591.1111,65716.17282,218814.8148,20625.92593,11094.07407,1007657.9,310595,14985,9.436842105,0.017947368
1997,8,17468.81481,93113.7037,12195.24815,54188.14815,178125.9259,226619.6296,102865.1852,78144.44444,43123.7037,10132.59259,764825,301945,2105,10.26315789,0.022789474
1997,9,31644.27778,29134.07407,2022.222222,87310,31180.74074,79766.66667,32729.07407,48681.48148,30784.81481,8921.111111,818135,283641.42,10960,10.27368421,0.024210526
1997,10,52736.2963,22240.74074,2428.333333,70575.92593,12438.17778,55097.03704,23765.49383,59496.2963,18825.18519,7124.074074,309210,362205,5440,9.621052632,0.024684211
1997,11,64456.79259,19771.11111,1925.185185,45085.18519,26539.41481,72650.37037,24271.85185,27585.18519,20396.66667,10808.51852,146295,137990,350.64,7.589473684,0.031105263
1997,12,44672,4427.97037,2007.592593,33588.88889,20202.22222,38118.51852,29947.77778,20207.40741,6075.555556,8035.555556,283942.8,146560.08,152,6.542105263,0.023421053
1998,1,67404.44444,8713.333333,2335.5,12022.22222,38106.2963,21970.37037,20815.55556,42340.74074,10458.14815,7205.555556,296175,136214,22,5.642105263,0.023315789
1998,2,70302.59259,7824.814815,830.7407407,29668.51852,68441.48148,43564.44444,9222.222222,36681.48148,18313.33333,9502.222222,143142,99243,0,4.905263158,0.024947368
1998,3,79741.2963,9371.481481,1545,197635.1852,147603.7037,123463.7037,9845.925926,136448.1481,22202.22222,11057.22222,30560,7949,0,4.984210526,0.015578947
1998,4,64030.74074,41214.07407,2240.925926,618158.1481,90960.38889,181208.8889,21290.18519,67810.18519,31983.7037,10352.03704,323535,267046,0,5.721052632,0.024368421
1998,5,59232.03704,6744.62963,909.3481481,182059.4444,99585.92593,75000.92593,28542.68519,60183.33333,14115.74074,9331.851852,508292,267523,0,6.931578947,0.018368421
1998,6,37528.88889,35666.66667,5119.059259,26224.07407,263091.6667,195650.9259,21214.05556,25398.14815,8258.518519,6796.111111,656399,340193,2968,9.994736842,0.022473684
1998,7,29514.07407,39907.22222,3938.574074,36304.62963,168204.2593,322044.6296,249261.6667,106362.963,13929.62963,16965.74074,511335,255179,11259,9.484210526,0.028578947
1998,8,44384.07407,28568.14815,5614.444444,34236.66667,64967.96296,121941.8519,35903.14815,71664.81481,27069.62963,7252.777778,941485,305019,7202,10.49473684,0.027578947
1998,9,48966.2963,10618.88889,6209.962963,20362.96296,20922.96296,102435.5556,70626.66667,62827.77778,8116.666667,4137.777778,264110,302259,5322,10.38421053,0.027263158
1998,10,38053.75926,4169.259259,1990.740741,18785.92593,267608.5185,56183.33333,23400.55556,19803.7037,8005.37037,6490.185185,421645,365175,2743,8.857894737,0.027210526
1998,11,41706.48148,1964.814815,1148.888889,14494.85185,99164.04444,109331.1111,21780.92593,25598.14815,6691.111111,4922.407407,163052,193717,711,7.710526316,0.021631579
1998,12,66436.11111,1455.185185,1318.888889,14221.2963,25742.96296,60460.92593,14514.81481,27196.48148,8819.62963,7105.740741,281890,127678,0,5.636842105,0.025263158
1999,1,42296.11852,1101.851852,452.2222222,12398.88889,37026.2963,25912.96296,17575.92593,39622.22222,14061.11111,4017.037037,230929,97870,22,5.042105263,0.025894737
1999,2,74741.76296,3674.966667,999.5,20979.25926,74093.88889,67972.40741,15623.33333,62020.37037,21020,5708.518519,145445,50797.49,0,4.536842105,0.030315789
1999,3,48181.75185,3509.814815,473.1481481,34211.11111,55489.44444,72975,11289.34074,66887.03704,18177.22222,4436.851852,168436,77167,0,4.110526316,0.022842105
1999,4,44239.07407,59114.07407,1494.62963,433758.3333,418834.6389,282695.3704,27548.98148,79500,28147.40741,10017.03704,314530,131508,0,5.178947368,0.015631579
1999,5,12629.25926,32203.51852,522.2222222,245559.0741,473871.1574,321934.6296,57969.07407,46105.55556,12100.92593,12872.03704,675340,270865,0,6.694736842,0.014684211
1999,6,3272.037037,27987.40741,738.8888889,32102.40741,368806.2963,223787.7778,26120.74074,50892.59259,22929.25926,5202.592593,747188,168415,5609,8.478947368,0.019368421
1999,7,1725.555556,88939.62963,6475.925926,21895.11111,314100.1852,200653.8889,119222.5926,55629.62963,15212.22222,5226.481481,798760,51335,25569,9.163157895,0.017578947
1999,8,8352.592593,35459.44444,7673.377778,135275.9259,299466.4185,145724.2593,183073.8889,117775.9259,10556.66667,5160.185185,1194316.9,159107,4867,10.04736842,0.021263158
1999,9,20850.55556,24913.33333,4865.555556,152907.7778,56002.96296,87423,28835.55556,138483.3333,17291.11111,6746.296296,601769,458499,4721,9.768421053,0.022789474
1999,10,26911.2037,9975.37037,1686.062963,20849.44444,40248.81481,80924.07407,32411.85185,48618.51852,6043.703704,5061.481481,443289,378396,1611,8.831578947,0.017526316
1999,11,37199.62963,10294.25926,1204.62963,20587.22222,33325.92593,96862.96296,40764.53333,56001.85185,9386.111111,3945,240496,202766,461,7.973684211,0.021947368
1999,12,44786.85185,2779.259259,577.962963,14206.85185,20922.59259,76510.18519,20196.48148,19374.07407,4873.703704,2452.337037,183827.8,81198.8,66,5.642105263,0.022578947
2000,1,77393.52407,4227.037037,1065.185185,28267.96296,21254.62963,36229.62963,27748.88889,23853.51852,9456.481481,7681.296296,237205,133834,0,4.857894737,0.019315789
2000,2,72477.77778,2592.592593,775.9259259,14888.14815,31974.81481,49410.74074,23465.37037,86401.85185,21312.40741,8136.496296,454581.44,342687.57,0,4.542105263,0.022894737
2000,3,74454.04815,16414.62963,1683.888889,43441.66667,118536.1111,115706.6667,15710.57037,120801.8519,30041.66667,7049.374074,89158.62,53928.82,0,4.536842105,0.017684211
2000,4,70592.2037,13755.74074,3715.37037,185176.2963,183909.4444,177101.8889,30220.92593,60144.44444,24900,7123.888889,317261,238805,0,5.394736842,0.013526316
2000,5,44424.62963,50310.22222,997.2222222,71206.66667,57904.62963,120465.7407,22492.77778,82757.40741,2594.444444,6952.037037,1055156.6,318296,44,7.452631579,0.016473684
2000,6,25520.37037,21392.81481,914.3703704,10387.22222,14906.66667,45487.96296,82786.11111,77631.48148,9245.555556,2682.962963,654379,127678,4862,8.978947368,0.018842105
2000,7,18010.74074,44310.74074,2862.814815,73585.18519,546287.3963,146234.0741,93944.1963,41107.40741,2668.518519,6320.740741,712110,153050,7692,10.14736842,0.022947368
2000,8,28653.88889,33262.77778,1602.207407,38030.02222,241462.7741,123900.3704,58748.7037,144551.8519,7153.037037,9058.518519,691294,342433,6534,9.894736842,0.020315789
2000,9,48737.2037,40981.33333,2079.444444,61045.55556,34294.44444,171565.7407,36047.77778,68814.81481,16449.62963,8843.703704,508780,285489,2528,9.715789474,0.022631579
2000,10,36023.33333,32896.48148,2271.388889,89051.85185,61231.48148,73983.33333,31542.22222,53692.59259,15809.25926,6589.259259,355780,420911,1391,9.336842105,0.036210526
2000,11,55044.25926,12743.14815,1491.844444,74345,121872.963,20115.37037,22090.18519,30885.18519,7286.666667,5248.148148,152877,162691,308,7.963157895,0.042947368
2000,12,42299.44444,5965,654.462963,25373.14815,70551.2963,22401.66667,22629.25926,23287.03704,7134.814815,6302.777778,191121,102946,88,6.673684211,0.034789474
2001,1,46308.51852,980.3703704,876.8518519,14432.96296,17101.2963,17488.88889,15391.24074,27454.81481,6811.851852,5335.740741,217295,95501,44,5.589473684,0.028684211
2001,2,83020.14074,1574.259259,622.6666667,17246.13333,26873.88889,38355.18519,10296.11111,43331.48148,14487.22222,5055.555556,97079,34334,22,5.057894737,0.028052632
2001,3,78027.59259,1973.888889,699.8148148,12955,49682.40741,58680.09074,12199.62963,97474.07407,23225,6797.237037,146474.16,55901,0,4.984210526,0.022421053
2001,4,71679.2963,6028.148148,637.7777778,14317.7037,73804.01481,92926.85185,12577.77778,60970.37037,41470.92593,9399.155556,91815,64659,22,5.847368421,0.025157895
2001,5,62357.03704,2781.296296,617.037037,10259.44444,144567.2222,81793.51852,25317.22222,40233.33333,11506.2963,14246.00741,355135,181629,22,6.531578947,0.025842105
2001,6,76635.43148,25933.37037,2019.564815,15894.81481,62110.92593,101136.8519,69625.18519,148775.9259,24789.81481,6340.555556,482324,241330,761,8.984210526,0.032842105
2001,7,49377.40741,51154.07407,5527.903704,155618.3333,211969.263,115650.1852,100948.3556,74390.74074,18532.40741,8912.592593,525025,299260,2266,10.15789474,0.028578947
2001,8,39319.12037,30832.03704,2341.851852,215772.2222,34899.81481,165800.5556,16041.85185,86709.25926,21346.66667,6405.925926,1075530,390478,8435,10.88421053,0.027421053
2001,9,44878.14815,11327.40741,3126.296296,36800.37037,4848.27037,79250.92593,35157.40741,83033.33333,10383.40741,5598.65,1473218.3,418184,5104.06,10.19473684,0.030736842
2001,10,35474.44444,2381.481481,1039.918519,19481.2963,11723.14815,31936.2963,12759.62963,33118.51852,9217.592593,3837.592593,202805,214723,3374,9.057894737,0.0228125
2001,11,42684.25926,10366.66667,1748.281481,28784.81481,27048.16296,9999.074074,15834.08889,13532.40741,12683.33333,6402.222222,348306,199972,577,8.521052632,0.029055556
2001,12,38839.44444,1899.659259,763.5185185,12782.65556,30431.2963,25150,17042.40741,8226.187037,2689.259259,5805.925926,194719,106294,265,6.563157895,0.031947368
2002,1,59494.44444,705.5555556,582.2222222,12027.96296,21541.48148,16272.40741,16828.34444,25985,11840.37037,7427.592593,141235,55840,66,4.857894737,0.033578947
2002,2,55205.92593,846.2962963,532.2703704,16544.44444,59360,33990.09074,15144.17778,54442.59259,15872.59259,10604.62963,62530,19156,0,4.594736842,0.032722222
2002,3,47589.44444,1306.355556,965.3703704,34090.74074,114005.9259,49448.97963,9933.333333,96157.40741,26831.2963,7913.888889,54223.4,28657.49,0,4.621052632,0.030157895
2002,4,39915.3037,11962.77778,1628.888889,248479.0741,601163.2222,128306.4815,17743.88889,170485.1852,125945.5556,12907.77778,1318214,491707,0,5.778947368,0.021052632
2002,5,25756.11111,19135.18519,993.262963,15189.07407,140446.4815,69756.11111,19631.11111,277196.2963,21416.2963,8458.148148,508074,239705,44,7.842105263,0.022736842
2002,6,8998.333333,21731.85185,1071.481481,3234.259259,240403.1185,110194.2593,7421.851852,140455.5556,19910.18519,4884.259259,604112,205674,1470,9.415789474,0.022
2002,7,16601.74074,121475.3704,6328.481481,22320.92593,245256.3333,207909.0741,224064.0537,109305.5556,22041.66667,9776.666667,591879.1,203820,4359,11.01052632,0.023578947
2002,8,38753.43704,64765,2259.859259,15709.81481,17670.15556,93227.03704,157444.6296,99694.44444,21669.81481,7977.777778,264294,185945,5691,10.94736842,0.025421053
2002,9,31858.72593,30817.59259,2199.496296,102748.8889,21429.82963,59461.66667,28141.48148,110111.1111,14482.40741,4439.259259,751611,361575,14519.06,10.83684211,0.026105263
2002,10,29390.18519,11790,2497.962963,15130.97037,51061.2963,100860.1852,10388.33333,83690.74074,26076.48148,7520.740741,222475,293524,3204,9.163157895,0.033789474
2002,11,35157.77778,6879.666667,3303.074074,12364.81481,50675.38519,45775.55556,16432.03704,23488.88889,14711.48148,2779.259259,193155,281229.8,376,8.005263158,0.031631579
2002,12,20646.52593,1015.925926,569.3722222,8876.046296,23331.86296,16863.88889,14222.12963,15609.25926,3714.074074,6297.777778,184650,68756,242,7.026666667,0.030052632
2003,1,26627.96296,2796.325926,2267.037037,21299.81481,18193.33333,43285.44444,11928.88889,31757.59259,7119.62963,2936.225926,92801,52336,22,5.894736842,0.025421053
2003,2,33999.81481,3085.185185,1493.703704,47675.18519,35442.22222,48480.77778,9144.444444,130685.7407,21902.96296,5809.62963,147185,40972,22,5.168421053,0.028473684
2003,3,24879.81481,2035.925926,3264.703704,32859.81481,71923.51852,99789.44444,17980,126174.0741,6270.185185,5458.888889,160725,60531,0,4.510526316,0.03
2003,4,23734.81481,15103.88889,10132.31481,1148223.306,140086.8519,112825.5556,35359.44444,53370.37037,98780.18519,10028.51852,292519,179615,0,5.247368421,0.019157895
2003,5,12766.2963,12786.2963,1747.222222,451640.9259,242381.8519,158875.1852,65237.77778,37434.25926,12475.18519,8009.444444,1760667.9,500618,24,7.289473684,0.018105263
2003,6,4208.974074,17563.14815,4640.907407,61735.39259,60377.77778,178232.1111,131276.4815,203207.4074,38292.44444,4505.925926,829420,196379,2789,9.2,0.019473684
2003,7,11196.66667,104663.7037,12104.25926,349854.2593,236458.2222,319506.2963,49766.33148,164987.037,10966.2963,5782.592593,886652.2,91878,2772.71,10.28947368,0.025421053
2003,8,84527.77778,15507.22222,6783.425926,89617.03704,17020.18519,130761.4815,52598.33333,47853.7037,7154.62963,7130,724525,178280,8212,11.37894737,0.024631579
2003,9,89365.00926,32376.85185,9612.592593,73688.33333,6999.444444,212803.3704,58965.18519,119009.2593,24324.44444,7439.074074,410937,372345,2523,10.61052632,0.025263158
2003,10,106132.4074,11211.85185,6148.148148,52316.2963,21792.52593,77422.03704,24342.03704,23718.51852,7433.703704,5903.518519,360954,309725.02,1413,8.589473684,0.024578947
2003,11,119512.75,5130.185185,10285.19815,42618.33333,35889.74074,148471.4815,14336.2037,38804.62963,18059.07407,4695,548703,247294,530,7.021052632,0.031947368
2003,12,35998.33333,763.9444444,1226.351852,27847.59259,28263.52593,95333.14815,30646.66667,12198.51852,3744.074074,4915.37037,343824,126191,201,6.1,0.028
2004,1,75841.22222,245.5555556,9120.555556,14991.11111,55950.75556,95823.33333,23340.55556,40246.2963,19647.77778,8259.62963,212813.4,94451.72,22,4.836842105,0.027368421
2004,2,49846.2963,1612.222222,5019.074074,22026.11111,64954.44444,29367.59259,18000.18519,104140.7407,44406.2963,8879.444444,200546,117058,0,4.505263158,0.030157895
2004,3,50383.51852,5120.740741,3108.148148,162581.2963,192922.7778,67272.96296,20541.11111,128738.8889,43531.85185,10346.2963,162120,113489.05,0,4.031578947,0.023578947
2004,4,24945.6,11425.74074,3883.927778,991614.6574,96888.98704,73126.85185,8621.296296,48898.14815,9487.037037,9081.962963,264135.88,158111,0,4.752631579,0.027578947
2004,5,24188.51852,9462.540741,1301.335185,863625.0741,77061.48148,128108.3778,129556.4815,64279.62963,21532.40741,10674.01852,1847530,673088.6,0,7.026315789,0.021105263
2004,6,9509.259259,38650.92593,2149.5,132273.963,23399.11481,60253.51852,26130.18519,153811.1111,35092.46296,8103.888889,879901,153517,2765,8.957894737,0.020684211
2004,7,8482.037037,41555,3283.888889,79022.40741,642169.4481,132433.3333,159530.3704,98555.55556,6091.851852,4644.62963,1086249,134204,13327,9.610526316,0.023210526
2004,8,12198.7037,296371.2963,5964.814815,145285.1852,141763.1481,165244.6296,169402.037,80261.11111,20442.59259,6632.888889,572115,274113,14791,10.50526316,0.023421053
2004,9,24277.59259,37663.33333,5328.82963,136221.4815,33083.88889,129814.2593,29128.51852,143394.4444,33975.55556,6507.222222,859384,633489.6,4491,10.42105263,0.024263158
2004,10,49104.81481,17938.14815,2056.666667,26694.44444,48026.61852,129483.8889,12513.07407,56187.03704,14126.2963,2479.62963,217394,139813,2170,9.463157895,0.026105263
2004,11,47785.92593,7383.888889,1088.677778,13795.18519,158060.6852,104920.9259,27790.55556,36887.96296,17276.48148,5553.888889,202327,109690,330,8.3,0.026526316
2004,12,80510.96296,3842.962963,782.037037,17685.50741,53054.62963,84449.07407,45416.66667,35951.85185,12359.07407,4889.814815,245834.5,123629,44,6.178947368,0.026526316
2005,1,93558.0037,1348.518519,317.2222222,19143.87778,22394.62963,66037.59259,28613.33333,43056.2963,12884.25926,8345.185185,239585,103072,22,5.294736842,0.02
2005,2,61901.87037,4447.777778,443.7981481,25693.7037,45701.82222,77377.59259,21022.96296,70577.77778,25226.2963,12190.55556,153457,116944,0,4.505263158,0.028
2005,3,67178.01481,1700.37037,2508.888889,114788.5185,62127.24444,96637.59259,11358.14815,148898.1481,53041.66667,9049.444444,194030,99159.05,0,3.894736842,0.025684211
2005,4,48118.33333,30854.13333,2593.333333,1089170.87,91329.81481,238265.8241,47144.81481,126878.1481,134007.2222,11898.51852,362735,168004,0,5.810526316,0.016894737
2005,5,25162.99259,41310.55556,1119.62963,343247.5926,16785.55556,62680.92593,22758.14815,118212.963,25826.48148,7850.6,1313327,629245,22,6.931578947,0.020842105
2005,6,5979.259259,19478.7037,2113.703704,126910.7407,350209.1778,165781.2963,37136.48148,52002.77778,17139.25926,11831.45185,1278393,317491,2658,8.731578947,0.022526316
2005,7,21248.19444,246127.4074,10885.31111,162665.8926,321207.963,306294.4444,213937.387,48587.03704,6410.555556,10424.03704,746127,100129,3662,9.873684211,0.019
2005,8,9526.481481,304441.1852,5774.074074,96041.81481,273856.1111,96153.33333,41600.43519,62519.44444,12460.37037,8682.777778,1766954.2,224419,2147,9.978947368,0.021052632
2005,9,14251.23704,31625.18519,5176.666667,65997.03704,52712.59259,165664.4444,98836.03704,104931.4815,12102.40741,3609.814815,1078889,568699,2919,10,0.023842105
2005,10,19549.62963,10190,2566.574074,58337.40741,86807.96296,83040.74074,35595.74074,36544.44444,11814.25926,6376.296296,223702,568200.6,5037,9.184210526,0.024631579
2005,11,25879.62963,12372.77778,3761.225926,24534.96667,413308.3333,62985.37037,27255.23704,69438.88889,18459.25926,6764.62963,216768,405329,400,8.594736842,0.029526316
2005,12,24248.51852,3494.444444,1979.911111,18905.18519,47185.01481,76408.14815,33691.11111,52224.07407,12454.81481,4448.703704,178410,86710,176,6.115789474,0.029736842
2006,1,27457.40741,6762.777778,3861.018519,50717.72222,67057.03704,73758.7037,26599.25926,38670.37037,7417.222222,3992.296296,244584,120875,66,4.836842105,0.030105263
2006,2,47486.11111,13032.22222,1346.148148,91437.77778,55112.59259,93540,20460.74074,100672.2222,25368.88889,4448.148148,237738,146821,0,4.031578947,0.030368421
2006,3,61016.11111,15693.23704,1976.574074,337165.3704,56795.85926,114802.963,19850,106505.5556,37122.59259,5167.037037,61334,64465.5,0,3.794736842,0.025631579
2006,4,39956.11111,11670.92593,2878.703704,1007136.704,83643.25926,214367.2222,43472.26667,96948.14815,60324.07407,7382.422222,69026,69550.33,0,4.421052632,0.023052632
2006,5,51722.77778,38400,2247.592593,747294.5926,156344.6333,154950.5556,142952.5741,40257.40741,37148.33333,13270.92593,662539,246859,0,6.394736842,0.017526316
2006,6,30827.96296,14898.88889,2612.611111,467913.1481,56346.1037,41032.59259,26070.92593,104788.8889,16144.25926,6664.274074,758082,388898.3,242,7.742105263,0.021578947
2006,7,12230.18519,51826.48148,20752.65926,156215,368293.3333,510038.5185,85987.22222,144788.8889,12557.40741,11751.2963,797782,501445,17516,10.32631579,0.019210526
2006,8,12807.96296,315312.7407,9385.740741,180470.7407,192065.7407,242790.3704,71697.59259,71514.81481,4958.333333,16500.16111,375850,265361,3975,10.42631579,0.021157895
2006,9,23690.74074,105798.8889,7019.792593,349300.9259,68658.83704,167792.4074,70684.93704,98757.40741,12861.48148,8961.296296,437970,342750,6947,9.852631579,0.020315789
2006,10,43888.54444,54621.11111,6958.518519,344107.4074,30211.2963,233756.4815,47574.25926,110248.1481,20598.88889,9673.888889,354337,366739.76,2147,8.894736842,0.021473684
2006,11,36450.74444,39520.48889,2716.755556,219437.5926,46831.2963,132523.3333,56256.48148,50190.74074,27889.81481,9353.518519,324992,256297,683,8.131578947,0.023421053
2006,12,30470.55556,16538.7037,1750.751852,182567.2222,70485.94444,50682.22222,32912.96296,22527.77778,16334.07407,6304.62963,400670,186606,110,7.036842105,0.024210526
2007,1,47752.77778,5383.333333,1761.481481,76577.77778,34380.18519,31315.37037,27584.27037,30644.44444,14937.22222,7221.296296,132080,96126.12,0,5.589473684,0.021368421
2007,2,61392.40741,6785.185185,1187.592593,82520.18519,29900.42593,47904.07407,5566.296296,62311.11111,35298.14815,7742.777778,144225,83166,0,5.194736842,0.017631579
2007,3,52867.22222,32665,1666.944444,100741.6667,47350.7037,48791.48148,24922.03704,121235.1852,50905.74074,7615.925926,140789,48596.8,0,5.310526316,0.019
2007,4,74934.47778,160038.7926,1920.833333,190553.7037,60330.6963,74631.48148,23613.14815,80050,134693.1481,12332.40741,137963,106126,0,5.768421053,0.018105263
2007,5,64125.55556,43502.03704,2954.12963,209408.7037,49517.21481,502970.3704,370956.037,39764.81481,1926.666667,5135.740741,977540,369635.88,22,7.931578947,0.021736842
2007,6,45981.52778,52924.81481,9382.751852,85805.55556,300612.4074,99900.9537,76107.25926,91788.88889,27575.92593,9379.074074,775532,314332.6,5084,9.336842105,0.020157895
2007,7,29635.88889,92635.37037,8955.925926,74826.66667,317983.7037,252907.4074,121619.4444,103196.2963,41028.88889,15330,741292,670572.68,24559,9.821052632,0.020842105
2007,8,46865,63420.55556,4780,212686.9259,12966.2963,143647.037,42865.68889,78675.92593,28670,8980.37037,294871,541532,4507,10.97368421,0.018842105
2007,9,39306.63704,53558.88889,1628.518519,180810.6019,13062.59259,126005.5556,23907.55556,89311.11111,16234.81481,6977.57037,242324,258699,2009,10.62631579,0.019421053
2007,10,46213.33333,28974.44444,2067.777778,111487.2222,18384.77407,89266.85185,43168.33333,65990.74074,26297.22222,6434.62963,307574,356090,2963,10.06842105,0.022052632
2007,11,53751.48148,16590.92593,1989.444444,36776.2963,31011.85926,76282.59259,26965.55556,27357.40741,19363.7037,4957.944444,147177,198965,374,8.089473684,0.030473684
2007,12,66936.78519,5254.259259,1200.888889,40403.50741,40578.14815,40522.96296,41512.96296,44477.77778,21032.96296,10043.88889,119780,208897,0,6.510526316,0.019894737
2008,1,75439.44444,8314.787037,707.962963,21146.11111,31795.74074,34976.48148,21009.25926,54137.03704,19176.2963,6420.740741,186570,163973,0,5.347368421,0.021894737
2008,2,44871.66667,4393.148148,384.4740741,27598.33333,45165,21099.07407,23111.85185,50420.18519,17681.85185,9235.525926,113595,72227,44,5.089473684,0.022894737
2008,3,31216.48148,7940,459.2962963,62082.55556,74832.0963,40912.40741,16115.18519,71051.85185,14797.03704,11844.06296,91363,44009,0,5.068421053,0.018631579
2008,4,41734.65926,70259.62963,2473.518519,160572.9074,57105.11111,130122.2222,17868.95556,158759.2593,50594.07407,11772.77778,413500,316026,0,5.547368421,0.019052632
2008,5,34532.77778,80655.92593,549.4444444,156084.4444,158256.8519,105269.8,39606.11111,30987.03704,22054.81481,8026.481481,992286,328995,0,7.368421053,0.015105263
2008,6,34782.40741,11784.81481,13449.6963,54939.62963,71835.55556,78153.33333,52871.37037,79838.88889,14158.7037,4563.148148,550438,353051,376,9.426315789,0.018631579
2008,7,18761.11111,65581.85185,5304.62963,98217.03704,180217.1056,180533.3333,44564.62963,32651.85185,8876.296296,8467.592593,1435075,773003,6613,10.19473684,0.021421053
2008,8,39921.85185,83966.2963,3784.644444,166703.3333,51081.2963,133006.8519,73480.74074,86779.62963,12459.81481,7261.851852,791709.13,278278,5400,11.11052632,0.022684211
2008,9,48137.03704,26695.74074,1937.155556,98227.14815,16116.48148,75115,39651.57407,41725.92593,7527.222222,6044.074074,447001,314274,4877,11.03157895,0.023315789
2008,10,20594.34074,8670.740741,1288.888889,31080.98148,21509.25926,33636.85185,18117.77778,24395.37037,11598.51852,5534.074074,312935,267015,1196,9.147368421,0.026789474
2008,11,24449.72222,11500.37037,809.2592593,26926.66667,30132.03704,30694.44444,15586.23333,17872.22222,4950.37037,3623.888889,261033.72,207051,686,8.215789474,0.026526316
2008,12,29460.18519,4840.740741,854.1666667,21666.85185,21429.62963,21602.03704,20696.48148,11765.74074,4984.444444,3878.703704,153168,200142,132,6.584210526,0.025315789
2009,1,37075,2139.444444,287.8148148,14098.51852,12056.85185,26589.62963,15645.74074,15535.18519,5352.407407,4084.074074,138307,117348,0,5.373684211,0.029789474
2009,2,68222.83704,7124.074074,642.2222222,17660,16375,19466.85185,13946.48148,22461.11111,10971.48148,4285,127170,69677,0,4.763157895,0.029052632
2009,3,60976.02222,7888.703704,631.4814815,24644.62963,43489.44444,24004.76852,15931.2963,48772.22222,23907.40741,7013.888889,64876.62,46091,0,4.521052632,0.023473684
2009,4,50634.62963,50520.37037,2054.444444,72709.07407,141630.9259,114052.7778,10335.37037,125809.2593,82583.88889,10905.98519,157333,105224,0,4.7,0.010578947
2009,5,22527.41852,25242.22222,241.6666667,122698.5185,85606.85185,105090.9259,44738.88889,9368.703704,40497.40741,10312.96296,2373068.8,603897.3,66,7.352631579,0.017842105
2009,6,26474.07407,22409.44444,12880.65926,43850.81481,26173.88889,134719.2593,27209.81481,174474.0741,22165.18519,9573.148148,1008109.43,461518.45,2899,9.205263158,0.022947368
2009,7,25463.88889,88920.55556,10033.51852,113359.2593,600358.1111,509347.037,72743.24074,47037.03704,3613.888889,12956.48148,707180,393041,1282,10.26315789,0.022105263
2009,8,28644.25926,88752.03704,3842.296296,76256.85185,230578.2296,120428.1481,73469.14815,70424.07407,11601.48148,14477.40741,476715,612489,5606,10.4,0.021894737
2009,9,32050.37037,31674.25926,1900.555556,94891.2963,51950.74074,80475.74074,32769.25926,71316.66667,8625.925926,5242.037037,504079,535318,2147.64,10.57894737,0.023473684
2009,10,22791.66667,30217.59259,1101.518519,27551.48148,13840.01481,67662.40741,73425.2963,52390.74074,6487.592593,5622.222222,512925,452731.2,4656,10.11052632,0.027789474
2009,11,31888.7037,3579.259259,1334.814815,32146.85185,102031.1111,81202.03704,12367.22222,26240.74074,9852.037037,5059.444444,663490,503875.93,2073,8.373684211,0.030684211
2009,12,26630.92593,975,534.6296296,16505.92593,89455.92593,54448.39815,21549.62963,11729.62963,5724.814815,4609.074074,135476,111485.45,132,6.894736842,0.032052632
2010,1,42867.59259,333.1203704,551.1111111,15738.14815,16139.36296,57426.85185,15801.2963,13600.92593,8508.518519,8627.092593,106377,72497,0,5.205263158,0.022
2010,2,54641.91111,2102.777778,746.2962963,21270.92593,19233.88889,31701.48148,15343.14815,39252.03704,12067.77778,7811.481481,184290,110950,0,4.542105263,0.026105263
2010,3,49223.7037,4985.925926,786.6666667,23260,53222.03704,35229.81481,12798.7037,77118.51852,25383.88889,5910,97526.62,68614,0,4.431578947,0.025368421
2010,4,41286.85185,50853.51852,3542.037037,212625.9259,165215.1852,109140.7407,12333.33333,172272.2222,134756.2963,8533.518519,177919,190104.68,0,4.963157895,0.004578947
2010,5,34773.14815,97248.88889,1229.388889,444559.6296,51010.66667,76079.62963,43965.92593,44466.66667,52358.33333,13657.22222,1818426.63,745280.3,58,7.363157895,0.015368421
2010,6,20114.81481,38514.16667,2837.37037,160987.4074,11407.48148,36619.07407,16253.61111,160266.6667,28318.01852,6563.148148,1822949.7,436059,1411,8.5,0.017
2010,7,10117.30741,153254.6296,6303.148148,84193.7037,582700.1852,184032.5926,65045.37037,90672.22222,10901.11111,9010.555556,872402,188419.26,3032,10.16315789,0.022842105
2010,8,23815.74074,155318.1481,10826.85185,287521.4815,237910.5556,110863.4759,79116.98148,62533.33333,27187.22222,14849.46296,512303.13,631763.7,3093,10.45263158,0.020368421
2010,9,12421.92593,18983.02222,2460.185185,201616.6667,39394.57407,45486.48148,18373.7963,51927.77778,22371.85185,4184.444444,1017225,550551.2,3811,9.594736842,0.030894737
2010,10,14171.85185,13979.81481,1064.074074,72595.5,15987.40741,69959.62963,22383.31481,47570.37037,14484.25926,6542.962963,361462.88,522257,2850,9.342105263,0.024842105
2010,11,15885.8963,5405.37037,478.3333333,52172.84074,21413.51852,45493.33333,32191.2963,38051.85185,7255,3531.111111,215024,510872.46,186,7.742105263,0.028473684
2010,12,25760.68148,4450,428.5185185,38827.03704,34995.18519,50477.77778,31249.81481,18271.2963,7597.222222,5076.481481,203643.04,213653,66,6.426315789,0.026526316
2011,1,42242.22222,2776.111111,1424.277778,30301.22963,24122.81481,44847.96296,10268.33333,24877.22222,9411.851852,5386.666667,189945,146787,0,4.973684211,0.016941176
2011,2,47677.77778,8814.444444,460.0740741,16179.62963,18877.03704,40078.7037,22213.7037,33403.33333,9585,6663.888889,154039,85188,0,4.447368421,0.022411765
2011,3,45736.2963,24527.96296,735.6111111,14772.59259,37542.72222,34342.59259,9626.166667,75116.66667,48451.48148,7318.518519,192903,91951.5,0,4.410526316,0.017882353
2011,4,42657.77778,55166.48148,2502.707407,77782.03704,99350.37037,236086.6667,33654.81481,35263.7037,70637.03704,11006.85185,337560,176270,0,5.757894737,0.018411765
2011,5,75863.33333,18840.92593,2259.259259,65498.23333,48376.59259,130468.5185,43370,151127.7778,12223.7037,10585.92593,1075902,645489,22,8.389473684,0.020470588
2011,6,54187.68889,35817.59259,17829.32593,47912.40741,94504.44444,179893.7037,60156.75926,55512.96296,9704.62963,9412.777778,903639,249322,6916,8.615789474,0.019764706
2011,7,21540,102749.2593,10350.60741,437584,118516.6667,232300.4778,47284.11111,136961.1111,23360.74074,18498.96296,1135810,787017,19327,10.23157895,0.025705882
2011,8,28925.18519,37243.26296,5535.462963,202243.3333,71284.07407,146079.2593,40375.40741,87118.51852,43288.51852,10604.11111,527629,534649,7030,9.973684211,0.024176471
2011,9,62234.44444,29511.48148,6067.992593,94244.81481,19650.74074,93597.40741,20839.14815,40214.81481,9072.592593,6004.444444,1060880,373303,2335,10.43684211,0.018
2011,10,65079.44444,15809.07407,4076.977778,37533.14815,15144.25926,61295.55556,17877.96296,56118.51852,7034.259259,4270.555556,518275,480704.2,1622,10.10526316,0.0203125
2011,11,24556.2963,3392.222222,841.6666667,28767.22222,64055,47651.7037,21115.18519,21841.66667,16982.96296,3255.448148,234864.98,180552,1459,7.931578947,0.026411765
2011,12,42063.48889,3032.222222,563.7962963,16079.44444,64799.94444,17328.51852,14652.04815,11744.44444,14238.51852,3828.148148,187379,302093,132,6.621052632,0.034058824
2012,1,69586.66667,2348.148148,414.8148148,36166.66667,11614.81481,49692.59259,14559.25926,18585.18519,14992.59259,10614.81481,177113,222151,0,5.473684211,0.014411765
2012,2,77118.51852,703.7037037,133.3333333,31903.7037,28496.2963,54003.7037,18340.35185,22351.85185,30100,11874.07407,166321,206125.1,0,4.078947368,0.020352941
2012,3,69450.74074,23014.81481,3118.814815,113185.1852,70768.88889,109400,19355.55556,222555.5556,87985.18519,17859.25926,125995,154618,0,4.147368421,0.022117647
2012,4,41318.51852,29574.07407,8011.111111,396303.7037,248748.1481,602488.6296,61200,106814.8148,138468.8889,22061.93333,226820,365807,0,6.015789474,0.016647059
2012,5,35948.14815,28822.22222,2325.925926,405318.7407,121340.7407,192544.4444,55255.55556,64000,114662.963,17207.40741,1038610,833144.3,0,6.684210526,0.015705882
2012,6,15289.7037,83256.7037,3874.074074,407837.037,536846.4444,170870.3704,45788.88889,161462.963,33948.57407,6596.296296,765845,375197,2208,8.736842105,0.016352941
2012,7,15714.81481,117918.5185,8037.037037,132903.7037,388811.1111,234548.1481,474255.1111,154607.4074,17777.77778,10237.03704,242910,172563,30241,10.28947368,0.017294118
2012,8,35952.07407,97268.05556,13548.89259,175906.1111,67825.92593,307055.7481,175851.8519,90203.7037,26444.44444,13107.40741,336935,302034.48,7142,10.42105263,0.020470588
2012,9,50566.66667,14600,1355.555556,33700,64633.33333,53455.55556,19211.11111,76648.14815,7748.148148,6537.037037,288412,311573,5947,10.17894737,0.022882353
2012,10,81729.62963,41059.25926,2844.444444,67822.22222,129985.1852,66685.18519,29688.88889,78351.85185,25600,8085.185185,233759,325630,3516,9.768421053,0.019235294
2012,11,42344.07407,5303.703704,1577.777778,37881.48148,28881.48148,59403.7037,11481.48148,42985.18519,24192.59259,5629.62963,211944.15,268628,311,7.842105263,0.0190625
2012,12,26888.88889,148.1481481,355.5555556,11318.51852,24533.33333,9985.185185,2740.740741,8226.187037,5925.925926,1540.740741,86108,125261.84,157,6.522222222,0.0121875
2013,1,65559.48148,140.7407407,622.2222222,14951.85185,30766.66667,51055.55556,9166.666667,23162.96296,6229.62963,3347.111111,92793,130236,0,5.547058824,0.020411765
2013,2,94373.7037,1285.185185,518.5185185,7014.814815,18448.14815,7492.592593,10940.74074,16381.48148,6014.814815,7022.222222,94611,134349,0,4.8,0.020117647
2013,3,98733.33333,2514.814815,148.1481481,39018.51852,33314.81481,33611.11111,7355.555556,59133.33333,18051.85185,9311.111111,148657,146055,0,4.352941176,0.017823529
2013,4,115645.7463,14855.55556,962.962963,103448.1481,86770.37037,94444.44444,14296.2963,49500,37200,17003.7037,62349,68645,0,4.441176471,0.015352941
2013,5,86400.93148,26677.77778,1711.111111,71329.62963,90890,174751.8519,91151.85185,50055.55556,29755.55556,13900,260908,377559,0,6.894117647,0.014941176
2013,6,47251.85185,41624.2963,807.4074074,17614.81481,20762.96296,135143.5926,290650,53059.25926,9044.444444,8451.851852,1628099,465448,132,7.958823529,0.020529412
2013,7,12348.14815,37062.81481,911.1111111,8511.111111,5057.262963,127096.2963,57799.92593,102385.1852,14385.18519,4392.592593,679808,166289,8105,10.07647059,0.017588235
2013,8,22237.03704,364663.9815,5874.074074,127814.8148,412207.4074,122881.6741,62488.88889,158207.4074,5548.148148,6274.074074,1007540.4,540768.2,8411,11.82352941,0.020588235
2013,9,19040.74074,99103.7037,3785.185185,103203.7037,64418.51852,72438.96296,21740.74074,93092.59259,15200,7107.407407,439121,332521,11450,11.10588235,0.026294118
2013,10,49000,21233.33333,1096.296296,46540.74074,17370.37037,93077.77778,27381.48148,34529.62963,10577.77778,5170.37037,231084,337736,642,9.758823529,0.025235294
2013,11,40325.92593,2181.481481,2159.851852,20237.03704,19070.37037,34566.66667,8496.296296,45092.59259,13651.85185,4922.222222,130391,221236,793,8.376470588,0.025176471
2013,12,28296.2963,2600,259.2592593,10888.88889,33370.37037,42385.18519,5474.074074,14577.77778,16474.07407,4385.185185,130354,164170,242,6.535294118,0.026
2014,1,38051.85185,2807.407407,148.1481481,23244.44444,64125.92593,38903.7037,4088.888889,25481.48148,14059.25926,4607.407407,98154,132864,0,5.511764706,0.023411765
2014,2,41918.51852,5177.777778,1414.814815,35074.07407,83844.44444,50362.96296,13659.25926,26688.88889,18688.88889,5881.481481,79670,71751,0,5.135294118,0.026823529
2014,3,59022.22222,12307.40741,377.7777778,25103.7037,54285.18519,85455.55556,8944.444444,82418.51852,38381.48148,6918.518519,90309,56257,0,5.2,0.022941176
2014,4,60422.22222,2518.518519,2400,80755.55556,31348.14815,108212.8741,48577.77778,29214.81481,18718.51852,3185.185185,146701,167919.12,44,6.535294118,0.022470588
2014,5,47955.55556,9014.814815,488.8888889,38403.7037,16651.85185,113425.0741,481161.1111,90540.74074,8933.333333,4985.185185,606911,339085.1,381,7.858823529,0.017647059
2014,6,25288.88889,6755.555556,4469,13281.48148,172114.8148,86470.37037,19111.11111,79966.66667,18470.37037,5570.37037,395930,157474,3603,9.888235294,0.020764706
2014,7,38437.03704,318481.6296,3411.111111,123703.7037,180894.3704,242183.7037,381738.4074,158037.037,17766.66667,20548.14815,212340,222454,6375,10.73529412,0.019235294
2014,8,31177.77778,108385.1852,1518.518519,254111.1111,80081.48148,161540.7407,130962.963,159362.963,11140.74074,25408,431112,259876,5091,11.55882353,0.024235294
2014,9,30577.77778,18762.96296,1274.074074,60318.51852,38318.51852,91037.03704,39755.55556,53392.59259,16807.40741,12222.22222,330206,277830,3540,10.99411765,0.023941176
2014,10,27022.22222,16603.7037,1703.703704,42870.37037,25103.7037,115459.2593,51251.85185,65414.81481,17700,4729.62963,344152,343974,1664,10.48235294,0.024235294
2014,11,24966.66667,1696.296296,911.1111111,32233.33333,18292.59259,46622.22222,9462.962963,37151.85185,8503.703704,3796.296296,257460,285120,198,8.929411765,0.023823529
2014,12,33048.14815,829.6296296,688.8888889,12737.03704,28700,14512.96296,12574.07407,20540.74074,11140.74074,2274.074074,139758,183845,110,7.776470588,0.023470588
2015,1,31811.11111,1681.481481,237.037037,22296.2963,21029.62963,46881.48148,4622.222222,13725.92593,6600,2422.222222,62605,110569,0,5.976470588,0.024764706
2015,2,36933.33333,633.3333333,577.7777778,17392.59259,8739.111111,24807.40741,4425.925926,45570.37037,9051.851852,3214.814815,131501,87688,0,5.329411765,0.023470588
2015,3,57437.03704,2829.62963,970.3703704,90355.55556,90015.55556,58555.55556,12633.33333,152129.6296,55140.74074,9485.185185,97373,54383,0,4.917647059,0.019411765
2015,4,45948.14815,10962.96296,1646.296296,125955.5556,82370.37037,148044.4444,27088.88889,70429.62963,23000,9488.888889,161370,175218,0,5.723529412,0.015588235
2015,5,60059.25926,10251.85185,1825.925926,146825.9259,106066.6667,27703.7037,343592.5926,13074.33519,9244.444444,7374.074074,727023,148381,179,7.505882353,0.015176471
2015,6,54033.33333,6381.481481,3652.022222,42737.03704,263918.5185,127033.3333,195488.8889,108370.3704,18396.2963,16712.67407,458791.15,234127,4575,10.00588235,0.017882353
2015,7,26707.40741,313226.7963,8925.925926,64600,390774.6667,213096.2963,76681.40741,53203.7037,7522.222222,19177.61111,501603,192082,1549,11.94117647,0.024647059
2015,8,28281.48148,64755.55556,6513.277778,217555.5556,45244.44444,83392.59259,94718.51852,87407.40741,4607.407407,21548.14815,811145,195391,2474,11.81764706,0.024058824
2015,9,40970.37037,14562.96296,2600,93325.92593,16059.25926,97051.85185,26281.48148,80118.51852,13281.48148,9022.222222,1122407,563102,2409,12.36470588,0.023588235
2015,10,41777.77778,5948.148148,1837.037037,15607.40741,23488.88889,107229.6296,12562.96296,86711.11111,5748.148148,5651.851852,677414,368228,950,10.16470588,0.026941176
2015,11,36140.74074,2200,496.2962963,8570.37037,12207.40741,37659.25926,2785.185185,14074.07407,6540.740741,1985.185185,272948,412669,110,8.705882353,0.027470588
2015,12,39514.81481,422.2222222,400,20925.92593,37259.25926,33559.25926,9000,15362.96296,6777.777778,3170.37037,235316,299492,22,7.3,0.020294118
2016,1,37281.48148,1196.296296,207.4074074,16803.7037,23070.37037,25500,8562.962963,31103.7037,6151.851852,3262.962963,277450,161309,88,6.294117647,0.022823529
2016,2,38859.25926,0,88.88888889,11118.51852,23159.25926,33277.77778,18470.37037,67518.51852,9400,4188.888889,229117,99813,0,5.605882353,0.020941176
2016,3,28296.2963,59.25925926,29.62962963,21037.03704,33600,20488.88889,3807.407407,47851.85185,17333.33333,2533.333333,184382,106172,0,5.247058824,0.016764706
2016,4,54074.07407,6192.592593,1177.777778,109918.5185,68600,172259.2593,4614.814815,73496.2963,44385.18519,6437.037037,170178.62,157183,0,6.070588235,0.020882353
2016,5,56348.14815,903.7037037,355.5555556,44385.18519,65100,46448.14815,227903.7037,26885.18519,15781.48148,5714.814815,952222,304837,0,7.994117647,0.019705882
2016,6,41451.85185,4781.481481,1452.592593,31488.88889,57025.92593,138464.7259,22066.66667,143492.5926,16729.62963,9211.111111,749012,361575,4196,9.841176471,0.018235294
2016,7,25014.81481,51085.18519,1703.703704,19429.62963,184085.1852,330617.6667,234437.037,55155.55556,6992.592593,8474.074074,201509.71,482226,2609,10.49411765,0.020941176
2016,8,58259.25926,32888.88889,5111.111111,234262.963,54944.44444,116851.8519,36840.74074,104392.5926,20970.37037,16788.88889,401497,558463,3294,11.77058824,0.021235294
2016,9,40778,25007.40741,1088.888889,99822.22222,7659.259259,50474.07407,13303.7037,82518.51852,6103.703704,4429.62963,1612254,640520,4099,11.96470588,0.022588235
2016,10,49151.85185,8422.222222,1903.703704,40177.77778,6900,38966.66667,7711.111111,87529.62963,4718.518519,4762.962963,612637.2,583285,2165,10.82941176,0.022352941
2016,11,44729.62963,2825.925926,592.5925926,33537.03704,20681.48148,9033.333333,8818.518519,30703.7037,7377.777778,2937.037037,146516,123320,796,8.564705882,0.026294118
2016,12,45430.87778,2533.333333,1551.851852,117529.6296,187041.9259,13788.88889,8355.555556,19581.48148,10114.81481,1614.814815,168257.05,80183,66,6.8,0.024647059
2017,1,47203.7037,1651.851852,207.4074074,21088.88889,55833.33333,8088.888889,8274.074074,31681.48148,5844.444444,3218.518519,103123.05,58106,0,5.823529412,0.025117647
2017,2,58814.81481,59.25925926,237.037037,39081.48148,26637.03704,27185.18519,1777.777778,70170.37037,9866.666667,6259.259259,61792.57,25494,0,4.829411765,0.022529412
2017,3,34361.11111,2088.888889,569.9259259,32777.77778,29342.59259,46885.18519,4061.111111,100668.5185,31450,10368.51852,147248.525,54158,44,4.911764706,0.016823529
2017,4,53700,12896.2963,1645.777778,91351.85185,33559.25926,70325.92593,40762.96296,29944.44444,30811.11111,9841.037037,116891.5,139576,0,6.7,0.017588235
2017,5,40005.55556,5288.888889,1177.777778,50661.11111,159324.0741,46162.96296,70438.88889,42679.62963,7437.037037,4257.407407,537247.5,292782,1306.5,7.570588235,0.022529412
2017,6,45648.14815,21629.62963,4596.296296,29766.66667,455096.2963,113018.5185,42148.14815,70203.7037,24781.48148,10244.44444,370295,417538.42,7297,8.952941176,0.021470588
2017,7,54685.18519,100485.1852,3685.185185,111377.7778,65996.2963,109996.2963,160522.2222,35574.07407,4111.111111,6874.074074,232686.44,322650,2099,11.25294118,0.022294118
2017,8,130451.8519,29740.74074,5448.148148,325492.5926,68503.7037,214025.9259,27940.74074,173337.037,14333.33333,11522.22222,185900,334573,6455,11.82941176,0.025647059
2017,9,45081.48148,32200,518.5185185,74511.11111,58562.96296,93503.7037,19125.92593,52214.81481,3288.888889,4096.296296,419715,360814,3073,11.32941176,0.025941176
2017,10,30533.33333,19140.74074,711.1111111,20207.40741,31459.25926,109600,21644.44444,80689.37037,9985.185185,3296.296296,229409,268235,3427,10.34705882,0.027058824
2017,11,50122.22222,1548.148148,1311.111111,39311.11111,27844.44444,27237.03704,11985.18519,32985.18519,9192.592593,2059.259259,171194,193092,418,8.617647059,0.030058824
2017,12,59622.22222,1822.222222,407.4074074,47944.44444,35614.81481,17000,7359.259259,21033.33333,8303.703704,4166.666667,134598,122104,44,6.770588235,0.029
2018,1,45496.2963,311.1111111,59.25925926,46640.74074,34707.40741,65607.40741,5281.481481,30096.2963,5481.481481,4777.777778,40047,70127,0,5.641176471,0.022058824
2018,2,37377.77778,340.7407407,600,26255.55556,26044.44444,50937.03704,5344.444444,72533.33333,13785.18519,6107.407407,69307,45520,0,5.282352941,0.024529412
2018,3,26820.37037,6203.703704,2457.407407,35187.03704,26448.14815,30738.88889,1833.333333,69857.40741,17438.85185,1857.407407,72049.7,41457.64,0,4.841176471,0.025411765
2018,4,26477.77778,37874.07407,5292.592593,667439.5556,76255.55556,246062.963,46485.12963,90970.37037,19225.92593,4040.740741,81277,74262.5,0,5.258823529,0.014529412
2018,5,43051.85185,7849.851852,2311.111111,520716.6667,68044.59259,146231.4815,525312.8241,61388.88889,7372.62963,4622.296296,673511.5,220341,317.5,7.641176471,0.016294118
2018,6,59985.18519,3362.962963,2848.148148,65362.96296,130144.4444,60659.25926,29055.55556,72218.51852,7325.925926,5403.703704,831569.1,211832,3469,10.80588235,0.020176471
2018,7,61485.18519,109625.9259,2229.62963,188911.1111,137305.9259,194444.4444,282000,226918.5185,4088.888889,8807.407407,863633,298663,16444,11.55882353,0.025411765
2018,8,101192.5926,26844.44444,4348.148148,116385.1852,29714.81481,76414.81481,33366.66667,137762.963,19718.51852,19862.96296,342379,278021,5151,13.03529412,0.031882353
2018,9,94788.2963,44385.18519,7909.203704,102737.037,18437.03704,161933.3333,28588.88889,155833.3333,6392.592593,8440.740741,269033.85,287233,6272,11.7,0.024882353
2018,10,95900,49200,3007.407407,62237.03704,174525.1296,152962.963,42188.88889,137385.1852,5911.111111,6637.037037,232212,276248,6811,10.60588235,0.028588235
2018,11,64855.55556,15955.55556,903.7037037,22800,23148.14815,43774.07407,9125.925926,25818.51852,6688.888889,4522.222222,205087,219915,883,8.735294118,0.031058824
2018,12,52536.58519,2548.148148,59.25925926,6609.444444,28562.96296,59970.37037,3922.222222,39785.18519,9700,3507.407407,114622,116678,22,7.170588235,0.031
2019,1,26200,1274.074074,148.1481481,7125.925926,25140.74074,60740.74074,644.4444444,25841.00185,8762.962963,3518.518519,105625,83956,22,5.664705882,0.030294118
2019,2,80235.11111,281.4814815,237.037037,49196.2963,43352.37037,50685.18519,4025.925926,35070.37037,22237.03704,14100,47502,36463,0,4.9,0.014588235
2019,3,30507.40741,1751.851852,1637.037037,53918.51852,44090.74074,38759.25926,3107.407407,67659.25926,21372.22222,5783.333333,60114.5,50804.5,0,4.970588235,0.017882353
2019,4,50766.66667,2548.148148,1229.62963,70781.48148,101147.2593,105570.3704,15496.2963,79474.07407,31511.11111,8448.148148,205969.5,148199.5,22,6.2,0.015176471
2019,5,54101.22222,429.6296296,266.6666667,27429.62963,69568.51852,48679.62963,200604.4444,36392.59259,7455.555556,6087.037037,1161153.35,168018.5,154,7.805882353,0.018411765
2019,6,22290.51481,1881.481481,592.5925926,32233.33333,15703.7037,55640.74074,8240.740741,290944.4444,29796.72222,10548.14815,1144988.2,156145,3438,10.12941176,0.019294118
2019,7,7231.925926,66800,985.1851852,28111.11111,56311.11111,318140.7407,90288.88889,86385.18519,6037.037037,5014.814815,641397.56,132129,17513,11.86470588,0.018941176
2019,8,6311.111111,153341.4815,1888.888889,175225.9259,319655.5556,125696.2963,27388.88889,91611.11111,12274.07407,18702.38519,1076987.2,176363,2545,12.39411765,0.022647059
2019,9,12140.74074,56918.51852,2000,360622.2222,101725.9259,91155.55556,10333.33333,83792.59259,14925.92593,10111.11111,358438,368631.7,6080,11.97647059,0.022352941
2019,10,11309.63704,16074.07407,888.8888889,20222.22222,149981.4815,220479.2593,13525.92593,172577.7778,20022.22222,3781.481481,199241,191226,1529,10.42941176,0.022117647
2019,11,9829.62963,49596.2963,1170.37037,27666.66667,88737.03704,37777.77778,7744.444444,102703.7037,20266.66667,2511.111111,150920,138985,733,9.505882353,0.021823529
2019,12,20288.88889,34533.33333,2200,9600,72385.03704,73666.66667,4996.296296,35259.25926,14244.44444,2688.888889,76772,160367,22,7.429411765,0.022588235
2020,1,18896.2963,7611.722222,1855.555556,12822.22222,19150.14815,65825.92593,3674.074074,30159.25926,6711.111111,2040.740741,88856,59927,0,6.158823529,0.022529412
2020,2,33055.55556,7874.074074,2055.555556,21100,31322.22222,140986.6667,8355.555556,39351.85185,13585.18519,6984.148148,121794,56283,0,5.926470588,0.016882353
2020,3,24935.18519,8101.851852,707.4074074,128442.5926,75150.46296,96048.14815,3438.888889,70472.22222,39731.48148,4120.37037,60306,75853.45,0,5.694117647,0.015411765
2020,4,27666.11111,17274.07407,1459.259259,101551.8519,165819.4444,191802.963,212211.1111,46925.92593,13170.37037,10951.55556,344727.5,213274,0,6.852941176,0.015823529
2020,5,56876.3037,9207.407407,1492.592593,34755.55556,191569.9741,65833.33333,281784.5556,95929.62963,14125.92593,7511.111111,506517.225,309323,530,8.5,0.016764706
2020,6,21767.77778,26911.11111,1222.222222,51568.59259,171199.437,272880.2222,267822.2222,102976.1481,13159.25926,7844.444444,607885,263602,15038,10.58823529,0.017411765
2020,7,35577.77778,90781.37037,3266.666667,173370.3704,109496.2963,196927.5185,92329.62963,66562.96296,25662.96296,20650.92593,362303,289924,8707,11.5375,0.017625
2020,8,82651.85185,59459.25926,5503.703704,273237.037,138899.8519,155674.0741,18725.92593,88133.33333,15525.92593,10718.51852,695685,609187,4063,12.25882353,0.015941176
2020,9,79281.48148,23681.48148,1555.555556,73192.59259,16680.68519,69892.59259,4588.888889,74362.96296,6833.333333,4892.592593,329620,306289,1809,11.70588235,0.018470588
2020,10,44792.59259,9788.888889,400,20807.40741,17195.5,62681.48148,13811.11111,55596.2963,8800,3037.037037,251029,362022,1629,10.10588235,0.016470588
2020,11,34918.51852,3329.62963,288.8888889,16488.88889,50225.92593,24185.18519,6129.62963,26388.88889,15000,2925.925926,241037,494802,2191,9.2,0.014705882
2020,12,26151.85185,0,429.6296296,18003.7037,56759.25926,22096.2963,8007.407407,41725.92593,17774.07407,3714.814815,155251,214049,906,7.652941176,0.016941176